2025-12-04 17:30:35,951 INFO: summarize_eco: entering
2025-12-04 17:30:35,951 INFO: summarize_eco: eco_summary bbox={'top': 850, 'left': 0, 'width': 300, 'height': 350}
2025-12-04 17:30:35,952 INFO: Submitting 4 resource tasks...
2025-12-04 17:36:44,822 INFO: Finding anchors...
2025-12-04 17:36:44,980 INFO: Found anchors: {'food': (14, 439), 'wood': (14, 478), 'gold': (14, 517), 'stone': (15, 555)}
2025-12-04 17:37:50,212 INFO: Finding anchors...
2025-12-04 17:37:50,314 INFO: Found anchors: {'food': (14, 439), 'wood': (14, 478), 'gold': (14, 517), 'stone': (15, 555)}
2025-12-04 17:38:17,482 INFO: Finding anchors...
2025-12-04 17:38:17,645 INFO: Found anchors: {'food': (14, 439), 'wood': (14, 478), 'gold': (14, 517), 'stone': (15, 555)}
2025-12-04 17:38:17,661 INFO: Best match for bbox at 6: 2 with score 0.3551730513572693
2025-12-04 17:38:17,663 INFO: Best match for bbox at 16: 6 with score 0.20241914689540863
2025-12-04 17:38:17,666 INFO: Best match for bbox at 8: 2 with score 0.3551730513572693
2025-12-04 17:38:17,668 INFO: Best match for bbox at 18: 6 with score 0.20241914689540863
2025-12-04 17:38:17,670 INFO: Best match for bbox at 28: 8 with score 0.20091448724269867
2025-12-04 17:38:17,674 INFO: Best match for bbox at 6: 1 with score 0.42015254497528076
2025-12-04 17:38:17,676 INFO: Best match for bbox at 15: 6 with score 0.22478212416172028
2025-12-04 17:38:17,677 INFO: Best match for bbox at 25: 8 with score 0.21841314435005188
2025-12-04 17:38:17,680 INFO: Best match for bbox at 7: 6 with score 0.20241914689540863
2025-12-04 17:38:48,173 INFO: Finding anchors...
2025-12-04 17:38:48,331 INFO: Found anchors: {'food': (14, 439), 'wood': (14, 478), 'gold': (14, 517), 'stone': (15, 555)}
2025-12-04 17:38:48,346 INFO: Best match for bbox at 6: 2 with score 0.9477219581604004
2025-12-04 17:38:48,347 INFO: Best match for bbox at 16: 0 with score 0.9404667019844055
2025-12-04 17:38:48,350 INFO: Best match for bbox at 8: 2 with score 0.9477219581604004
2025-12-04 17:38:48,350 INFO: Best match for bbox at 18: 0 with score 0.9404667019844055
2025-12-04 17:38:48,351 INFO: Best match for bbox at 28: 0 with score 0.9437831044197083
2025-12-04 17:38:48,353 INFO: Best match for bbox at 6: 1 with score 0.9533149003982544
2025-12-04 17:38:48,354 INFO: Best match for bbox at 15: 0 with score 0.9348132610321045
2025-12-04 17:38:48,354 INFO: Best match for bbox at 25: 0 with score 0.9475449323654175
2025-12-04 17:38:48,361 INFO: Best match for bbox at 7: 0 with score 0.9404667019844055
2025-12-04 17:39:07,982 INFO: Finding anchors...
2025-12-04 17:39:08,118 INFO: Found anchors: {'food': (14, 439), 'wood': (14, 478), 'gold': (14, 517), 'stone': (15, 555)}
2025-12-04 17:39:08,123 INFO: Best match for bbox at 6: 2 with score 0.9477219581604004
2025-12-04 17:39:08,124 INFO: Best match for bbox at 16: 0 with score 0.9404667019844055
2025-12-04 17:39:08,126 INFO: Best match for bbox at 8: 2 with score 0.9477219581604004
2025-12-04 17:39:08,127 INFO: Best match for bbox at 18: 0 with score 0.9404667019844055
2025-12-04 17:39:08,128 INFO: Best match for bbox at 28: 0 with score 0.9437831044197083
2025-12-04 17:39:08,130 INFO: Best match for bbox at 6: 1 with score 0.9533149003982544
2025-12-04 17:39:08,131 INFO: Best match for bbox at 15: 0 with score 0.9348132610321045
2025-12-04 17:39:08,131 INFO: Best match for bbox at 25: 0 with score 0.9475449323654175
2025-12-04 17:39:08,134 INFO: Best match for bbox at 7: 0 with score 0.9404667019844055
2025-12-04 17:39:08,137 INFO: Best match for bbox at 6: 2 with score 0.9477219581604004
2025-12-04 17:39:08,138 INFO: Best match for bbox at 16: 0 with score 0.9404667019844055
2025-12-04 17:39:08,138 INFO: Best match for bbox at 8: 2 with score 0.9477219581604004
2025-12-04 17:39:08,139 INFO: Best match for bbox at 18: 0 with score 0.9404667019844055
2025-12-04 17:39:08,140 INFO: Best match for bbox at 28: 0 with score 0.9437831044197083
2025-12-04 17:39:08,141 INFO: Best match for bbox at 6: 1 with score 0.9533149003982544
2025-12-04 17:39:08,142 INFO: Best match for bbox at 15: 0 with score 0.9348132610321045
2025-12-04 17:39:08,143 INFO: Best match for bbox at 25: 0 with score 0.9475449323654175
2025-12-04 17:39:08,144 INFO: Best match for bbox at 7: 0 with score 0.9404667019844055
2025-12-04 17:42:22,761 INFO: Finding anchors...
2025-12-04 17:42:22,810 INFO: Found anchors: {'food': (14, 189), 'wood': (14, 228), 'gold': (14, 267), 'stone': (15, 305)}
2025-12-04 17:43:53,288 INFO: Finding anchors...
2025-12-04 17:43:53,349 INFO: Found anchors: {'food': (14, 189), 'wood': (14, 228), 'gold': (14, 267), 'stone': (15, 305)}
2025-12-04 17:44:17,960 INFO: Finding anchors...
2025-12-04 17:44:18,006 INFO: Found anchors: {'food': (14, 189), 'wood': (14, 228), 'gold': (14, 267), 'stone': (15, 305)}
2025-12-04 17:44:18,023 INFO:   Digit 0 score: 0.506121039390564
2025-12-04 17:44:18,025 INFO:   Digit 1 score: 0.3745129108428955
2025-12-04 17:44:18,031 INFO:   Digit 2 score: 0.9431595206260681
2025-12-04 17:44:18,032 INFO:   Digit 3 score: 0.6133890748023987
2025-12-04 17:44:18,032 INFO:   Digit 4 score: 0.6037992238998413
2025-12-04 17:44:18,032 INFO:   Digit 5 score: 0.5084499716758728
2025-12-04 17:44:18,033 INFO:   Digit 6 score: 0.4294321835041046
2025-12-04 17:44:18,033 INFO:   Digit 7 score: 0.6010850667953491
2025-12-04 17:44:18,034 INFO:   Digit 8 score: 0.4029025435447693
2025-12-04 17:44:18,034 INFO:   Digit 9 score: 0.3988906741142273
2025-12-04 17:44:18,036 INFO:   Digit 0 score: 0.9404667019844055
2025-12-04 17:44:18,036 INFO:   Digit 1 score: 0.48440977931022644
2025-12-04 17:44:18,037 INFO:   Digit 2 score: 0.42546117305755615
2025-12-04 17:44:18,037 INFO:   Digit 3 score: 0.4355672299861908
2025-12-04 17:44:18,037 INFO:   Digit 4 score: 0.4026089906692505
2025-12-04 17:44:18,037 INFO:   Digit 5 score: 0.5209642648696899
2025-12-04 17:44:18,037 INFO:   Digit 6 score: 0.5695950984954834
2025-12-04 17:44:18,038 INFO:   Digit 7 score: 0.34841036796569824
2025-12-04 17:44:18,038 INFO:   Digit 8 score: 0.5974449515342712
2025-12-04 17:44:18,038 INFO:   Digit 9 score: 0.5827304124832153
2025-12-04 17:44:18,039 INFO:   Digit 0 score: 0.3635517358779907
2025-12-04 17:44:18,039 INFO:   Digit 1 score: 0.5037016272544861
2025-12-04 17:44:18,039 INFO:   Digit 2 score: 0.3830832540988922
2025-12-04 17:44:18,039 INFO:   Digit 3 score: 0.44604629278182983
2025-12-04 17:44:18,040 INFO:   Digit 4 score: 0.5828856229782104
2025-12-04 17:44:18,040 INFO:   Digit 5 score: 0.3722535967826843
2025-12-04 17:44:18,040 INFO:   Digit 6 score: 0.33106890320777893
2025-12-04 17:44:18,040 INFO:   Digit 7 score: 0.4588421881198883
2025-12-04 17:44:18,041 INFO:   Digit 8 score: 0.3929905593395233
2025-12-04 17:44:18,041 INFO:   Digit 9 score: 0.40448683500289917
2025-12-04 17:44:18,044 INFO:   Digit 0 score: 0.506121039390564
2025-12-04 17:44:18,045 INFO:   Digit 1 score: 0.3745129108428955
2025-12-04 17:44:18,045 INFO:   Digit 2 score: 0.9431595206260681
2025-12-04 17:44:18,046 INFO:   Digit 3 score: 0.6133890748023987
2025-12-04 17:44:18,046 INFO:   Digit 4 score: 0.6037992238998413
2025-12-04 17:44:18,046 INFO:   Digit 5 score: 0.5084499716758728
2025-12-04 17:44:18,046 INFO:   Digit 6 score: 0.4294321835041046
2025-12-04 17:44:18,047 INFO:   Digit 7 score: 0.6010850667953491
2025-12-04 17:44:18,047 INFO:   Digit 8 score: 0.4029025435447693
2025-12-04 17:44:18,047 INFO:   Digit 9 score: 0.3988906741142273
2025-12-04 17:44:18,048 INFO:   Digit 0 score: 0.9404667019844055
2025-12-04 17:44:18,049 INFO:   Digit 1 score: 0.48440977931022644
2025-12-04 17:44:18,049 INFO:   Digit 2 score: 0.42546117305755615
2025-12-04 17:44:18,049 INFO:   Digit 3 score: 0.4355672299861908
2025-12-04 17:44:18,049 INFO:   Digit 4 score: 0.4026089906692505
2025-12-04 17:44:18,050 INFO:   Digit 5 score: 0.5209642648696899
2025-12-04 17:44:18,050 INFO:   Digit 6 score: 0.5695950984954834
2025-12-04 17:44:18,050 INFO:   Digit 7 score: 0.34841036796569824
2025-12-04 17:44:18,050 INFO:   Digit 8 score: 0.5974449515342712
2025-12-04 17:44:18,050 INFO:   Digit 9 score: 0.5827304124832153
2025-12-04 17:44:18,051 INFO:   Digit 0 score: 0.9404667019844055
2025-12-04 17:44:18,051 INFO:   Digit 1 score: 0.48440977931022644
2025-12-04 17:44:18,052 INFO:   Digit 2 score: 0.42546117305755615
2025-12-04 17:44:18,052 INFO:   Digit 3 score: 0.4355672299861908
2025-12-04 17:44:18,052 INFO:   Digit 4 score: 0.4026089906692505
2025-12-04 17:44:18,053 INFO:   Digit 5 score: 0.5209642648696899
2025-12-04 17:44:18,053 INFO:   Digit 6 score: 0.5695950984954834
2025-12-04 17:44:18,053 INFO:   Digit 7 score: 0.34841036796569824
2025-12-04 17:44:18,053 INFO:   Digit 8 score: 0.5974449515342712
2025-12-04 17:44:18,054 INFO:   Digit 9 score: 0.5827304124832153
2025-12-04 17:44:18,056 INFO:   Digit 0 score: 0.4689725637435913
2025-12-04 17:44:18,057 INFO:   Digit 1 score: 0.9533149003982544
2025-12-04 17:44:18,057 INFO:   Digit 2 score: 0.3894461691379547
2025-12-04 17:44:18,057 INFO:   Digit 3 score: 0.4890967011451721
2025-12-04 17:44:18,058 INFO:   Digit 4 score: 0.636466920375824
2025-12-04 17:44:18,058 INFO:   Digit 5 score: 0.3710322678089142
2025-12-04 17:44:18,058 INFO:   Digit 7 score: 0.39780867099761963
2025-12-04 17:44:18,058 INFO:   Digit 8 score: 0.34608155488967896
2025-12-04 17:44:18,061 INFO:   Digit 9 score: 0.40735653042793274
2025-12-04 17:44:18,062 INFO:   Digit 0 score: 0.9404667019844055
2025-12-04 17:44:18,062 INFO:   Digit 1 score: 0.48440977931022644
2025-12-04 17:44:18,062 INFO:   Digit 2 score: 0.42546117305755615
2025-12-04 17:44:18,062 INFO:   Digit 3 score: 0.4355672299861908
2025-12-04 17:44:18,063 INFO:   Digit 4 score: 0.4026089906692505
2025-12-04 17:44:18,063 INFO:   Digit 5 score: 0.5209642648696899
2025-12-04 17:44:18,063 INFO:   Digit 6 score: 0.5695950984954834
2025-12-04 17:44:18,063 INFO:   Digit 7 score: 0.34841036796569824
2025-12-04 17:44:18,064 INFO:   Digit 8 score: 0.5974449515342712
2025-12-04 17:44:18,064 INFO:   Digit 9 score: 0.5827304124832153
2025-12-04 17:44:18,065 INFO:   Digit 0 score: 0.9404667019844055
2025-12-04 17:44:18,065 INFO:   Digit 1 score: 0.48440977931022644
2025-12-04 17:44:18,066 INFO:   Digit 2 score: 0.42546117305755615
2025-12-04 17:44:18,066 INFO:   Digit 3 score: 0.4355672299861908
2025-12-04 17:44:18,067 INFO:   Digit 4 score: 0.4026089906692505
2025-12-04 17:44:18,067 INFO:   Digit 5 score: 0.5209642648696899
2025-12-04 17:44:18,067 INFO:   Digit 6 score: 0.5695950984954834
2025-12-04 17:44:18,067 INFO:   Digit 7 score: 0.34841036796569824
2025-12-04 17:44:18,068 INFO:   Digit 8 score: 0.5974449515342712
2025-12-04 17:44:18,068 INFO:   Digit 9 score: 0.5827304124832153
2025-12-04 17:44:18,071 INFO:   Digit 0 score: 0.9404667019844055
2025-12-04 17:44:18,071 INFO:   Digit 1 score: 0.48440977931022644
2025-12-04 17:44:18,071 INFO:   Digit 2 score: 0.42546117305755615
2025-12-04 17:44:18,071 INFO:   Digit 3 score: 0.4355672299861908
2025-12-04 17:44:18,071 INFO:   Digit 4 score: 0.4026089906692505
2025-12-04 17:44:18,071 INFO:   Digit 5 score: 0.5209642648696899
2025-12-04 17:44:18,072 INFO:   Digit 6 score: 0.5695950984954834
2025-12-04 17:44:18,072 INFO:   Digit 7 score: 0.34841036796569824
2025-12-04 17:44:18,072 INFO:   Digit 8 score: 0.5974449515342712
2025-12-04 17:44:18,072 INFO:   Digit 9 score: 0.5827304124832153
2025-12-04 17:44:18,073 INFO:   Digit 0 score: 0.506121039390564
2025-12-04 17:44:18,073 INFO:   Digit 1 score: 0.3745129108428955
2025-12-04 17:44:18,073 INFO:   Digit 2 score: 0.9431595206260681
2025-12-04 17:44:18,074 INFO:   Digit 3 score: 0.6133890748023987
2025-12-04 17:44:18,074 INFO:   Digit 4 score: 0.6037992238998413
2025-12-04 17:44:18,074 INFO:   Digit 5 score: 0.5084499716758728
2025-12-04 17:44:18,074 INFO:   Digit 6 score: 0.4294321835041046
2025-12-04 17:44:18,074 INFO:   Digit 7 score: 0.6010850667953491
2025-12-04 17:44:18,074 INFO:   Digit 8 score: 0.4029025435447693
2025-12-04 17:44:18,075 INFO:   Digit 9 score: 0.3988906741142273
2025-12-04 17:44:18,076 INFO:   Digit 0 score: 0.9404667019844055
2025-12-04 17:44:18,076 INFO:   Digit 1 score: 0.48440977931022644
2025-12-04 17:44:18,076 INFO:   Digit 2 score: 0.42546117305755615
2025-12-04 17:44:18,076 INFO:   Digit 3 score: 0.4355672299861908
2025-12-04 17:44:18,077 INFO:   Digit 4 score: 0.4026089906692505
2025-12-04 17:44:18,077 INFO:   Digit 5 score: 0.5209642648696899
2025-12-04 17:44:18,078 INFO:   Digit 6 score: 0.5695950984954834
2025-12-04 17:44:18,078 INFO:   Digit 7 score: 0.34841036796569824
2025-12-04 17:44:18,078 INFO:   Digit 8 score: 0.5974449515342712
2025-12-04 17:44:18,078 INFO:   Digit 9 score: 0.5827304124832153
2025-12-04 17:44:18,079 INFO:   Digit 0 score: 0.3635517358779907
2025-12-04 17:44:18,079 INFO:   Digit 1 score: 0.5037016272544861
2025-12-04 17:44:18,079 INFO:   Digit 2 score: 0.3830832540988922
2025-12-04 17:44:18,080 INFO:   Digit 3 score: 0.44604629278182983
2025-12-04 17:44:18,080 INFO:   Digit 4 score: 0.5828856229782104
2025-12-04 17:44:18,080 INFO:   Digit 5 score: 0.3722535967826843
2025-12-04 17:44:18,080 INFO:   Digit 6 score: 0.33106890320777893
2025-12-04 17:44:18,081 INFO:   Digit 7 score: 0.4588421881198883
2025-12-04 17:44:18,081 INFO:   Digit 8 score: 0.3929905593395233
2025-12-04 17:44:18,081 INFO:   Digit 9 score: 0.40448683500289917
2025-12-04 17:44:18,082 INFO:   Digit 0 score: 0.506121039390564
2025-12-04 17:44:18,082 INFO:   Digit 1 score: 0.3745129108428955
2025-12-04 17:44:18,082 INFO:   Digit 2 score: 0.9431595206260681
2025-12-04 17:44:18,083 INFO:   Digit 3 score: 0.6133890748023987
2025-12-04 17:44:18,083 INFO:   Digit 4 score: 0.6037992238998413
2025-12-04 17:44:18,083 INFO:   Digit 5 score: 0.5084499716758728
2025-12-04 17:44:18,083 INFO:   Digit 6 score: 0.4294321835041046
2025-12-04 17:44:18,083 INFO:   Digit 7 score: 0.6010850667953491
2025-12-04 17:44:18,083 INFO:   Digit 8 score: 0.4029025435447693
2025-12-04 17:44:18,084 INFO:   Digit 9 score: 0.3988906741142273
2025-12-04 17:44:18,084 INFO:   Digit 0 score: 0.9404667019844055
2025-12-04 17:44:18,084 INFO:   Digit 1 score: 0.48440977931022644
2025-12-04 17:44:18,084 INFO:   Digit 2 score: 0.42546117305755615
2025-12-04 17:44:18,085 INFO:   Digit 3 score: 0.4355672299861908
2025-12-04 17:44:18,085 INFO:   Digit 4 score: 0.4026089906692505
2025-12-04 17:44:18,085 INFO:   Digit 5 score: 0.5209642648696899
2025-12-04 17:44:18,085 INFO:   Digit 6 score: 0.5695950984954834
2025-12-04 17:44:18,085 INFO:   Digit 7 score: 0.34841036796569824
2025-12-04 17:44:18,086 INFO:   Digit 8 score: 0.5974449515342712
2025-12-04 17:44:18,086 INFO:   Digit 9 score: 0.5827304124832153
2025-12-04 17:44:18,086 INFO:   Digit 0 score: 0.9404667019844055
2025-12-04 17:44:18,086 INFO:   Digit 1 score: 0.48440977931022644
2025-12-04 17:44:18,087 INFO:   Digit 2 score: 0.42546117305755615
2025-12-04 17:44:18,087 INFO:   Digit 3 score: 0.4355672299861908
2025-12-04 17:44:18,087 INFO:   Digit 4 score: 0.4026089906692505
2025-12-04 17:44:18,087 INFO:   Digit 5 score: 0.5209642648696899
2025-12-04 17:44:18,087 INFO:   Digit 6 score: 0.5695950984954834
2025-12-04 17:44:18,087 INFO:   Digit 7 score: 0.34841036796569824
2025-12-04 17:44:18,088 INFO:   Digit 8 score: 0.5974449515342712
2025-12-04 17:44:18,088 INFO:   Digit 9 score: 0.5827304124832153
2025-12-04 17:44:18,088 INFO:   Digit 0 score: 0.4689725637435913
2025-12-04 17:44:18,088 INFO:   Digit 1 score: 0.9533149003982544
2025-12-04 17:44:18,088 INFO:   Digit 2 score: 0.3894461691379547
2025-12-04 17:44:18,089 INFO:   Digit 3 score: 0.4890967011451721
2025-12-04 17:44:18,089 INFO:   Digit 4 score: 0.636466920375824
2025-12-04 17:44:18,089 INFO:   Digit 5 score: 0.3710322678089142
2025-12-04 17:44:18,089 INFO:   Digit 7 score: 0.39780867099761963
2025-12-04 17:44:18,089 INFO:   Digit 8 score: 0.34608155488967896
2025-12-04 17:44:18,089 INFO:   Digit 9 score: 0.40735653042793274
2025-12-04 17:44:18,090 INFO:   Digit 0 score: 0.9404667019844055
2025-12-04 17:44:18,090 INFO:   Digit 1 score: 0.48440977931022644
2025-12-04 17:44:18,090 INFO:   Digit 2 score: 0.42546117305755615
2025-12-04 17:44:18,090 INFO:   Digit 3 score: 0.4355672299861908
2025-12-04 17:44:18,090 INFO:   Digit 4 score: 0.4026089906692505
2025-12-04 17:44:18,090 INFO:   Digit 5 score: 0.5209642648696899
2025-12-04 17:44:18,091 INFO:   Digit 6 score: 0.5695950984954834
2025-12-04 17:44:18,091 INFO:   Digit 7 score: 0.34841036796569824
2025-12-04 17:44:18,092 INFO:   Digit 8 score: 0.5974449515342712
2025-12-04 17:44:18,094 INFO:   Digit 9 score: 0.5827304124832153
2025-12-04 17:44:18,094 INFO:   Digit 0 score: 0.9404667019844055
2025-12-04 17:44:18,094 INFO:   Digit 1 score: 0.48440977931022644
2025-12-04 17:44:18,094 INFO:   Digit 2 score: 0.42546117305755615
2025-12-04 17:44:18,095 INFO:   Digit 3 score: 0.4355672299861908
2025-12-04 17:44:18,095 INFO:   Digit 4 score: 0.4026089906692505
2025-12-04 17:44:18,095 INFO:   Digit 5 score: 0.5209642648696899
2025-12-04 17:44:18,095 INFO:   Digit 6 score: 0.5695950984954834
2025-12-04 17:44:18,095 INFO:   Digit 7 score: 0.34841036796569824
2025-12-04 17:44:18,096 INFO:   Digit 8 score: 0.5974449515342712
2025-12-04 17:44:18,096 INFO:   Digit 9 score: 0.5827304124832153
2025-12-04 17:44:18,096 INFO:   Digit 0 score: 0.9404667019844055
2025-12-04 17:44:18,096 INFO:   Digit 1 score: 0.48440977931022644
2025-12-04 17:44:18,097 INFO:   Digit 2 score: 0.42546117305755615
2025-12-04 17:44:18,097 INFO:   Digit 3 score: 0.4355672299861908
2025-12-04 17:44:18,097 INFO:   Digit 4 score: 0.4026089906692505
2025-12-04 17:44:18,097 INFO:   Digit 5 score: 0.5209642648696899
2025-12-04 17:44:18,097 INFO:   Digit 6 score: 0.5695950984954834
2025-12-04 17:44:18,097 INFO:   Digit 7 score: 0.34841036796569824
2025-12-04 17:44:18,097 INFO:   Digit 8 score: 0.5974449515342712
2025-12-04 17:44:18,098 INFO:   Digit 9 score: 0.5827304124832153
2025-12-04 17:44:46,522 INFO: Finding anchors...
2025-12-04 17:44:46,546 INFO: Found anchors: {'food': (14, 189), 'wood': (14, 228), 'gold': (14, 267), 'stone': (15, 305)}
2025-12-04 17:44:46,550 INFO:   Digit 0 score: 0.5144458413124084
2025-12-04 17:44:46,550 INFO:   Digit 1 score: 0.42138510942459106
2025-12-04 17:44:46,551 INFO:   Digit 2 score: 0.9539275169372559
2025-12-04 17:44:46,551 INFO:   Digit 3 score: 0.6235804557800293
2025-12-04 17:44:46,551 INFO:   Digit 4 score: 0.5807954668998718
2025-12-04 17:44:46,551 INFO:   Digit 5 score: 0.47734400629997253
2025-12-04 17:44:46,551 INFO:   Digit 6 score: 0.40746161341667175
2025-12-04 17:44:46,552 INFO:   Digit 7 score: 0.6168895363807678
2025-12-04 17:44:46,552 INFO:   Digit 8 score: 0.4089187681674957
2025-12-04 17:44:46,552 INFO:   Digit 9 score: 0.41403618454933167
2025-12-04 17:44:46,552 INFO:   Digit 0 score: 0.9621669054031372
2025-12-04 17:44:46,552 INFO:   Digit 1 score: 0.5351661443710327
2025-12-04 17:44:46,553 INFO:   Digit 2 score: 0.44410547614097595
2025-12-04 17:44:46,553 INFO:   Digit 3 score: 0.45522603392601013
2025-12-04 17:44:46,553 INFO:   Digit 4 score: 0.3794463574886322
2025-12-04 17:44:46,553 INFO:   Digit 5 score: 0.502140462398529
2025-12-04 17:44:46,554 INFO:   Digit 6 score: 0.5618355870246887
2025-12-04 17:44:46,554 INFO:   Digit 7 score: 0.3995830714702606
2025-12-04 17:44:46,554 INFO:   Digit 8 score: 0.6483974456787109
2025-12-04 17:44:46,554 INFO:   Digit 9 score: 0.5930589437484741
2025-12-04 17:44:46,554 INFO:   Digit 0 score: 0.3772771656513214
2025-12-04 17:44:46,555 INFO:   Digit 1 score: 0.5128686428070068
2025-12-04 17:44:46,555 INFO:   Digit 2 score: 0.42597922682762146
2025-12-04 17:44:46,555 INFO:   Digit 3 score: 0.45581501722335815
2025-12-04 17:44:46,555 INFO:   Digit 4 score: 0.5811069011688232
2025-12-04 17:44:46,556 INFO:   Digit 5 score: 0.3896559476852417
2025-12-04 17:44:46,556 INFO:   Digit 6 score: 0.37787890434265137
2025-12-04 17:44:46,556 INFO:   Digit 7 score: 0.47851693630218506
2025-12-04 17:44:46,556 INFO:   Digit 8 score: 0.39977437257766724
2025-12-04 17:44:46,556 INFO:   Digit 9 score: 0.4025130569934845
2025-12-04 17:44:46,559 INFO:   Digit 0 score: 0.5144458413124084
2025-12-04 17:44:46,559 INFO:   Digit 1 score: 0.42138510942459106
2025-12-04 17:44:46,559 INFO:   Digit 2 score: 0.9539275169372559
2025-12-04 17:44:46,559 INFO:   Digit 3 score: 0.6235804557800293
2025-12-04 17:44:46,559 INFO:   Digit 4 score: 0.5807954668998718
2025-12-04 17:44:46,560 INFO:   Digit 5 score: 0.47734400629997253
2025-12-04 17:44:46,560 INFO:   Digit 6 score: 0.40746161341667175
2025-12-04 17:44:46,560 INFO:   Digit 7 score: 0.6168895363807678
2025-12-04 17:44:46,560 INFO:   Digit 8 score: 0.4089187681674957
2025-12-04 17:44:46,560 INFO:   Digit 9 score: 0.41403618454933167
2025-12-04 17:44:46,560 INFO:   Digit 0 score: 0.9621669054031372
2025-12-04 17:44:46,561 INFO:   Digit 1 score: 0.5351661443710327
2025-12-04 17:44:46,561 INFO:   Digit 2 score: 0.44410547614097595
2025-12-04 17:44:46,561 INFO:   Digit 3 score: 0.45522603392601013
2025-12-04 17:44:46,561 INFO:   Digit 4 score: 0.3794463574886322
2025-12-04 17:44:46,562 INFO:   Digit 5 score: 0.502140462398529
2025-12-04 17:44:46,562 INFO:   Digit 6 score: 0.5618355870246887
2025-12-04 17:44:46,562 INFO:   Digit 7 score: 0.3995830714702606
2025-12-04 17:44:46,562 INFO:   Digit 8 score: 0.6483974456787109
2025-12-04 17:44:46,563 INFO:   Digit 9 score: 0.5930589437484741
2025-12-04 17:44:46,563 INFO:   Digit 0 score: 0.9621669054031372
2025-12-04 17:44:46,563 INFO:   Digit 1 score: 0.5351661443710327
2025-12-04 17:44:46,563 INFO:   Digit 2 score: 0.44410547614097595
2025-12-04 17:44:46,564 INFO:   Digit 3 score: 0.45522603392601013
2025-12-04 17:44:46,564 INFO:   Digit 4 score: 0.3794463574886322
2025-12-04 17:44:46,564 INFO:   Digit 5 score: 0.502140462398529
2025-12-04 17:44:46,564 INFO:   Digit 6 score: 0.5618355870246887
2025-12-04 17:44:46,564 INFO:   Digit 7 score: 0.3995830714702606
2025-12-04 17:44:46,564 INFO:   Digit 8 score: 0.6483974456787109
2025-12-04 17:44:46,565 INFO:   Digit 9 score: 0.5930589437484741
2025-12-04 17:44:46,566 INFO:   Digit 0 score: 0.48778030276298523
2025-12-04 17:44:46,567 INFO:   Digit 1 score: 0.9599044919013977
2025-12-04 17:44:46,567 INFO:   Digit 2 score: 0.36956703662872314
2025-12-04 17:44:46,567 INFO:   Digit 3 score: 0.5106933116912842
2025-12-04 17:44:46,567 INFO:   Digit 4 score: 0.6198256611824036
2025-12-04 17:44:46,567 INFO:   Digit 5 score: 0.3919067680835724
2025-12-04 17:44:46,568 INFO:   Digit 6 score: 0.3023832440376282
2025-12-04 17:44:46,568 INFO:   Digit 7 score: 0.40751615166664124
2025-12-04 17:44:46,568 INFO:   Digit 8 score: 0.36469900608062744
2025-12-04 17:44:46,568 INFO:   Digit 9 score: 0.42690494656562805
2025-12-04 17:44:46,568 INFO:   Digit 0 score: 0.9621669054031372
2025-12-04 17:44:46,569 INFO:   Digit 1 score: 0.5351661443710327
2025-12-04 17:44:46,569 INFO:   Digit 2 score: 0.44410547614097595
2025-12-04 17:44:46,569 INFO:   Digit 3 score: 0.45522603392601013
2025-12-04 17:44:46,569 INFO:   Digit 4 score: 0.3794463574886322
2025-12-04 17:44:46,569 INFO:   Digit 5 score: 0.502140462398529
2025-12-04 17:44:46,569 INFO:   Digit 6 score: 0.5618355870246887
2025-12-04 17:44:46,569 INFO:   Digit 7 score: 0.3995830714702606
2025-12-04 17:44:46,569 INFO:   Digit 8 score: 0.6483974456787109
2025-12-04 17:44:46,570 INFO:   Digit 9 score: 0.5930589437484741
2025-12-04 17:44:46,570 INFO:   Digit 0 score: 0.9621669054031372
2025-12-04 17:44:46,570 INFO:   Digit 1 score: 0.5351661443710327
2025-12-04 17:44:46,570 INFO:   Digit 2 score: 0.44410547614097595
2025-12-04 17:44:46,570 INFO:   Digit 3 score: 0.45522603392601013
2025-12-04 17:44:46,571 INFO:   Digit 4 score: 0.3794463574886322
2025-12-04 17:44:46,571 INFO:   Digit 5 score: 0.502140462398529
2025-12-04 17:44:46,571 INFO:   Digit 6 score: 0.5618355870246887
2025-12-04 17:44:46,572 INFO:   Digit 7 score: 0.3995830714702606
2025-12-04 17:44:46,572 INFO:   Digit 8 score: 0.6483974456787109
2025-12-04 17:44:46,572 INFO:   Digit 9 score: 0.5930589437484741
2025-12-04 17:44:46,573 INFO:   Digit 0 score: 0.9621669054031372
2025-12-04 17:44:46,574 INFO:   Digit 1 score: 0.5351661443710327
2025-12-04 17:44:46,574 INFO:   Digit 2 score: 0.44410547614097595
2025-12-04 17:44:46,574 INFO:   Digit 3 score: 0.45522603392601013
2025-12-04 17:44:46,574 INFO:   Digit 4 score: 0.3794463574886322
2025-12-04 17:44:46,574 INFO:   Digit 5 score: 0.502140462398529
2025-12-04 17:44:46,574 INFO:   Digit 6 score: 0.5618355870246887
2025-12-04 17:44:46,574 INFO:   Digit 7 score: 0.3995830714702606
2025-12-04 17:44:46,574 INFO:   Digit 8 score: 0.6483974456787109
2025-12-04 17:44:46,575 INFO:   Digit 9 score: 0.5930589437484741
2025-12-04 17:44:46,576 INFO:   Digit 0 score: 0.5144458413124084
2025-12-04 17:44:46,576 INFO:   Digit 1 score: 0.42138510942459106
2025-12-04 17:44:46,576 INFO:   Digit 2 score: 0.9539275169372559
2025-12-04 17:44:46,576 INFO:   Digit 3 score: 0.6235804557800293
2025-12-04 17:44:46,577 INFO:   Digit 4 score: 0.5807954668998718
2025-12-04 17:44:46,577 INFO:   Digit 5 score: 0.47734400629997253
2025-12-04 17:44:46,577 INFO:   Digit 6 score: 0.40746161341667175
2025-12-04 17:44:46,577 INFO:   Digit 7 score: 0.6168895363807678
2025-12-04 17:44:46,577 INFO:   Digit 8 score: 0.4089187681674957
2025-12-04 17:44:46,577 INFO:   Digit 9 score: 0.41403618454933167
2025-12-04 17:44:46,578 INFO:   Digit 0 score: 0.9621669054031372
2025-12-04 17:44:46,578 INFO:   Digit 1 score: 0.5351661443710327
2025-12-04 17:44:46,578 INFO:   Digit 2 score: 0.44410547614097595
2025-12-04 17:44:46,578 INFO:   Digit 3 score: 0.45522603392601013
2025-12-04 17:44:46,578 INFO:   Digit 4 score: 0.3794463574886322
2025-12-04 17:44:46,579 INFO:   Digit 5 score: 0.502140462398529
2025-12-04 17:44:46,579 INFO:   Digit 6 score: 0.5618355870246887
2025-12-04 17:44:46,579 INFO:   Digit 7 score: 0.3995830714702606
2025-12-04 17:44:46,579 INFO:   Digit 8 score: 0.6483974456787109
2025-12-04 17:44:46,579 INFO:   Digit 9 score: 0.5930589437484741
2025-12-04 17:44:46,580 INFO:   Digit 0 score: 0.3772771656513214
2025-12-04 17:44:46,580 INFO:   Digit 1 score: 0.5128686428070068
2025-12-04 17:44:46,580 INFO:   Digit 2 score: 0.42597922682762146
2025-12-04 17:44:46,580 INFO:   Digit 3 score: 0.45581501722335815
2025-12-04 17:44:46,580 INFO:   Digit 4 score: 0.5811069011688232
2025-12-04 17:44:46,580 INFO:   Digit 5 score: 0.3896559476852417
2025-12-04 17:44:46,581 INFO:   Digit 6 score: 0.37787890434265137
2025-12-04 17:44:46,581 INFO:   Digit 7 score: 0.47851693630218506
2025-12-04 17:44:46,581 INFO:   Digit 8 score: 0.39977437257766724
2025-12-04 17:44:46,581 INFO:   Digit 9 score: 0.4025130569934845
2025-12-04 17:44:46,581 INFO:   Digit 0 score: 0.5144458413124084
2025-12-04 17:44:46,581 INFO:   Digit 1 score: 0.42138510942459106
2025-12-04 17:44:46,582 INFO:   Digit 2 score: 0.9539275169372559
2025-12-04 17:44:46,582 INFO:   Digit 3 score: 0.6235804557800293
2025-12-04 17:44:46,582 INFO:   Digit 4 score: 0.5807954668998718
2025-12-04 17:44:46,582 INFO:   Digit 5 score: 0.47734400629997253
2025-12-04 17:44:46,582 INFO:   Digit 6 score: 0.40746161341667175
2025-12-04 17:44:46,582 INFO:   Digit 7 score: 0.6168895363807678
2025-12-04 17:44:46,582 INFO:   Digit 8 score: 0.4089187681674957
2025-12-04 17:44:46,582 INFO:   Digit 9 score: 0.41403618454933167
2025-12-04 17:44:46,583 INFO:   Digit 0 score: 0.9621669054031372
2025-12-04 17:44:46,583 INFO:   Digit 1 score: 0.5351661443710327
2025-12-04 17:44:46,583 INFO:   Digit 2 score: 0.44410547614097595
2025-12-04 17:44:46,583 INFO:   Digit 3 score: 0.45522603392601013
2025-12-04 17:44:46,583 INFO:   Digit 4 score: 0.3794463574886322
2025-12-04 17:44:46,583 INFO:   Digit 5 score: 0.502140462398529
2025-12-04 17:44:46,583 INFO:   Digit 6 score: 0.5618355870246887
2025-12-04 17:44:46,583 INFO:   Digit 7 score: 0.3995830714702606
2025-12-04 17:44:46,583 INFO:   Digit 8 score: 0.6483974456787109
2025-12-04 17:44:46,584 INFO:   Digit 9 score: 0.5930589437484741
2025-12-04 17:44:46,584 INFO:   Digit 0 score: 0.9621669054031372
2025-12-04 17:44:46,584 INFO:   Digit 1 score: 0.5351661443710327
2025-12-04 17:44:46,584 INFO:   Digit 2 score: 0.44410547614097595
2025-12-04 17:44:46,584 INFO:   Digit 3 score: 0.45522603392601013
2025-12-04 17:44:46,584 INFO:   Digit 4 score: 0.3794463574886322
2025-12-04 17:44:46,584 INFO:   Digit 5 score: 0.502140462398529
2025-12-04 17:44:46,584 INFO:   Digit 6 score: 0.5618355870246887
2025-12-04 17:44:46,585 INFO:   Digit 7 score: 0.3995830714702606
2025-12-04 17:44:46,585 INFO:   Digit 8 score: 0.6483974456787109
2025-12-04 17:44:46,585 INFO:   Digit 9 score: 0.5930589437484741
2025-12-04 17:44:46,585 INFO:   Digit 0 score: 0.48778030276298523
2025-12-04 17:44:46,585 INFO:   Digit 1 score: 0.9599044919013977
2025-12-04 17:44:46,585 INFO:   Digit 2 score: 0.36956703662872314
2025-12-04 17:44:46,585 INFO:   Digit 3 score: 0.5106933116912842
2025-12-04 17:44:46,586 INFO:   Digit 4 score: 0.6198256611824036
2025-12-04 17:44:46,586 INFO:   Digit 5 score: 0.3919067680835724
2025-12-04 17:44:46,586 INFO:   Digit 6 score: 0.3023832440376282
2025-12-04 17:44:46,586 INFO:   Digit 7 score: 0.40751615166664124
2025-12-04 17:44:46,586 INFO:   Digit 8 score: 0.36469900608062744
2025-12-04 17:44:46,586 INFO:   Digit 9 score: 0.42690494656562805
2025-12-04 17:44:46,587 INFO:   Digit 0 score: 0.9621669054031372
2025-12-04 17:44:46,587 INFO:   Digit 1 score: 0.5351661443710327
2025-12-04 17:44:46,587 INFO:   Digit 2 score: 0.44410547614097595
2025-12-04 17:44:46,587 INFO:   Digit 3 score: 0.45522603392601013
2025-12-04 17:44:46,587 INFO:   Digit 4 score: 0.3794463574886322
2025-12-04 17:44:46,587 INFO:   Digit 5 score: 0.502140462398529
2025-12-04 17:44:46,587 INFO:   Digit 6 score: 0.5618355870246887
2025-12-04 17:44:46,588 INFO:   Digit 7 score: 0.3995830714702606
2025-12-04 17:44:46,588 INFO:   Digit 8 score: 0.6483974456787109
2025-12-04 17:44:46,588 INFO:   Digit 9 score: 0.5930589437484741
2025-12-04 17:44:46,588 INFO:   Digit 0 score: 0.9621669054031372
2025-12-04 17:44:46,588 INFO:   Digit 1 score: 0.5351661443710327
2025-12-04 17:44:46,588 INFO:   Digit 2 score: 0.44410547614097595
2025-12-04 17:44:46,588 INFO:   Digit 3 score: 0.45522603392601013
2025-12-04 17:44:46,589 INFO:   Digit 4 score: 0.3794463574886322
2025-12-04 17:44:46,589 INFO:   Digit 5 score: 0.502140462398529
2025-12-04 17:44:46,589 INFO:   Digit 6 score: 0.5618355870246887
2025-12-04 17:44:46,589 INFO:   Digit 7 score: 0.3995830714702606
2025-12-04 17:44:46,589 INFO:   Digit 8 score: 0.6483974456787109
2025-12-04 17:44:46,589 INFO:   Digit 9 score: 0.5930589437484741
2025-12-04 17:44:46,590 INFO:   Digit 0 score: 0.9621669054031372
2025-12-04 17:44:46,590 INFO:   Digit 1 score: 0.5351661443710327
2025-12-04 17:44:46,590 INFO:   Digit 2 score: 0.44410547614097595
2025-12-04 17:44:46,590 INFO:   Digit 3 score: 0.45522603392601013
2025-12-04 17:44:46,590 INFO:   Digit 4 score: 0.3794463574886322
2025-12-04 17:44:46,590 INFO:   Digit 5 score: 0.502140462398529
2025-12-04 17:44:46,590 INFO:   Digit 6 score: 0.5618355870246887
2025-12-04 17:44:46,590 INFO:   Digit 7 score: 0.3995830714702606
2025-12-04 17:44:46,590 INFO:   Digit 8 score: 0.6483974456787109
2025-12-04 17:44:46,590 INFO:   Digit 9 score: 0.5930589437484741
2025-12-04 17:45:17,984 INFO: Finding anchors...
2025-12-04 17:45:18,033 INFO: Found anchors: {'food': (14, 189), 'wood': (14, 228), 'gold': (14, 267), 'stone': (15, 305)}
2025-12-04 17:45:18,049 INFO:   [x=6] Digit 0 score: 0.5144458413124084
2025-12-04 17:45:18,050 INFO:   [x=6] Digit 1 score: 0.42138510942459106
2025-12-04 17:45:18,050 INFO:   [x=6] Digit 2 score: 0.9539275169372559
2025-12-04 17:45:18,051 INFO:   [x=6] Digit 3 score: 0.6235804557800293
2025-12-04 17:45:18,052 INFO:   [x=6] Digit 4 score: 0.5807954668998718
2025-12-04 17:45:18,052 INFO:   [x=6] Digit 5 score: 0.47734400629997253
2025-12-04 17:45:18,053 INFO:   [x=6] Digit 6 score: 0.40746161341667175
2025-12-04 17:45:18,053 INFO:   [x=6] Digit 7 score: 0.6168895363807678
2025-12-04 17:45:18,053 INFO:   [x=6] Digit 8 score: 0.4089187681674957
2025-12-04 17:45:18,054 INFO:   [x=6] Digit 9 score: 0.41403618454933167
2025-12-04 17:45:18,060 INFO:   [x=16] Digit 0 score: 0.9621669054031372
2025-12-04 17:45:18,060 INFO:   [x=16] Digit 1 score: 0.5351661443710327
2025-12-04 17:45:18,061 INFO:   [x=16] Digit 2 score: 0.44410547614097595
2025-12-04 17:45:18,061 INFO:   [x=16] Digit 3 score: 0.45522603392601013
2025-12-04 17:45:18,061 INFO:   [x=16] Digit 4 score: 0.3794463574886322
2025-12-04 17:45:18,061 INFO:   [x=16] Digit 5 score: 0.502140462398529
2025-12-04 17:45:18,062 INFO:   [x=16] Digit 6 score: 0.5618355870246887
2025-12-04 17:45:18,062 INFO:   [x=16] Digit 7 score: 0.3995830714702606
2025-12-04 17:45:18,062 INFO:   [x=16] Digit 8 score: 0.6483974456787109
2025-12-04 17:45:18,062 INFO:   [x=16] Digit 9 score: 0.5930589437484741
2025-12-04 17:45:18,063 INFO:   [x=90] Digit 0 score: 0.3772771656513214
2025-12-04 17:45:18,063 INFO:   [x=90] Digit 1 score: 0.5128686428070068
2025-12-04 17:45:18,063 INFO:   [x=90] Digit 2 score: 0.42597922682762146
2025-12-04 17:45:18,063 INFO:   [x=90] Digit 3 score: 0.45581501722335815
2025-12-04 17:45:18,064 INFO:   [x=90] Digit 4 score: 0.5811069011688232
2025-12-04 17:45:18,064 INFO:   [x=90] Digit 5 score: 0.3896559476852417
2025-12-04 17:45:18,064 INFO:   [x=90] Digit 6 score: 0.37787890434265137
2025-12-04 17:45:18,064 INFO:   [x=90] Digit 7 score: 0.47851693630218506
2025-12-04 17:45:18,064 INFO:   [x=90] Digit 8 score: 0.39977437257766724
2025-12-04 17:45:18,065 INFO:   [x=90] Digit 9 score: 0.4025130569934845
2025-12-04 17:45:18,067 INFO:   [x=8] Digit 0 score: 0.5144458413124084
2025-12-04 17:45:18,067 INFO:   [x=8] Digit 1 score: 0.42138510942459106
2025-12-04 17:45:18,068 INFO:   [x=8] Digit 2 score: 0.9539275169372559
2025-12-04 17:45:18,068 INFO:   [x=8] Digit 3 score: 0.6235804557800293
2025-12-04 17:45:18,068 INFO:   [x=8] Digit 4 score: 0.5807954668998718
2025-12-04 17:45:18,068 INFO:   [x=8] Digit 5 score: 0.47734400629997253
2025-12-04 17:45:18,068 INFO:   [x=8] Digit 6 score: 0.40746161341667175
2025-12-04 17:45:18,068 INFO:   [x=8] Digit 7 score: 0.6168895363807678
2025-12-04 17:45:18,069 INFO:   [x=8] Digit 8 score: 0.4089187681674957
2025-12-04 17:45:18,069 INFO:   [x=8] Digit 9 score: 0.41403618454933167
2025-12-04 17:45:18,069 INFO:   [x=18] Digit 0 score: 0.9621669054031372
2025-12-04 17:45:18,069 INFO:   [x=18] Digit 1 score: 0.5351661443710327
2025-12-04 17:45:18,070 INFO:   [x=18] Digit 2 score: 0.44410547614097595
2025-12-04 17:45:18,070 INFO:   [x=18] Digit 3 score: 0.45522603392601013
2025-12-04 17:45:18,070 INFO:   [x=18] Digit 4 score: 0.3794463574886322
2025-12-04 17:45:18,070 INFO:   [x=18] Digit 5 score: 0.502140462398529
2025-12-04 17:45:18,070 INFO:   [x=18] Digit 6 score: 0.5618355870246887
2025-12-04 17:45:18,070 INFO:   [x=18] Digit 7 score: 0.3995830714702606
2025-12-04 17:45:18,071 INFO:   [x=18] Digit 8 score: 0.6483974456787109
2025-12-04 17:45:18,071 INFO:   [x=18] Digit 9 score: 0.5930589437484741
2025-12-04 17:45:18,071 INFO:   [x=28] Digit 0 score: 0.9621669054031372
2025-12-04 17:45:18,071 INFO:   [x=28] Digit 1 score: 0.5351661443710327
2025-12-04 17:45:18,072 INFO:   [x=28] Digit 2 score: 0.44410547614097595
2025-12-04 17:45:18,072 INFO:   [x=28] Digit 3 score: 0.45522603392601013
2025-12-04 17:45:18,072 INFO:   [x=28] Digit 4 score: 0.3794463574886322
2025-12-04 17:45:18,072 INFO:   [x=28] Digit 5 score: 0.502140462398529
2025-12-04 17:45:18,072 INFO:   [x=28] Digit 6 score: 0.5618355870246887
2025-12-04 17:45:18,072 INFO:   [x=28] Digit 7 score: 0.3995830714702606
2025-12-04 17:45:18,072 INFO:   [x=28] Digit 8 score: 0.6483974456787109
2025-12-04 17:45:18,073 INFO:   [x=28] Digit 9 score: 0.5930589437484741
2025-12-04 17:45:18,074 INFO:   [x=5] Digit 0 score: 0.48778030276298523
2025-12-04 17:45:18,075 INFO:   [x=5] Digit 1 score: 0.9599044919013977
2025-12-04 17:45:18,075 INFO:   [x=5] Digit 2 score: 0.36956703662872314
2025-12-04 17:45:18,075 INFO:   [x=5] Digit 3 score: 0.5106933116912842
2025-12-04 17:45:18,075 INFO:   [x=5] Digit 4 score: 0.6198256611824036
2025-12-04 17:45:18,075 INFO:   [x=5] Digit 5 score: 0.3919067680835724
2025-12-04 17:45:18,075 INFO:   [x=5] Digit 6 score: 0.3023832440376282
2025-12-04 17:45:18,076 INFO:   [x=5] Digit 7 score: 0.40751615166664124
2025-12-04 17:45:18,077 INFO:   [x=5] Digit 8 score: 0.36469900608062744
2025-12-04 17:45:18,077 INFO:   [x=5] Digit 9 score: 0.42690494656562805
2025-12-04 17:45:18,078 INFO:   [x=15] Digit 0 score: 0.9621669054031372
2025-12-04 17:45:18,079 INFO:   [x=15] Digit 1 score: 0.5351661443710327
2025-12-04 17:45:18,079 INFO:   [x=15] Digit 2 score: 0.44410547614097595
2025-12-04 17:45:18,079 INFO:   [x=15] Digit 3 score: 0.45522603392601013
2025-12-04 17:45:18,081 INFO:   [x=15] Digit 4 score: 0.3794463574886322
2025-12-04 17:45:18,081 INFO:   [x=15] Digit 5 score: 0.502140462398529
2025-12-04 17:45:18,082 INFO:   [x=15] Digit 6 score: 0.5618355870246887
2025-12-04 17:45:18,082 INFO:   [x=15] Digit 7 score: 0.3995830714702606
2025-12-04 17:45:18,082 INFO:   [x=15] Digit 8 score: 0.6483974456787109
2025-12-04 17:45:18,082 INFO:   [x=15] Digit 9 score: 0.5930589437484741
2025-12-04 17:45:18,083 INFO:   [x=25] Digit 0 score: 0.9621669054031372
2025-12-04 17:45:18,083 INFO:   [x=25] Digit 1 score: 0.5351661443710327
2025-12-04 17:45:18,084 INFO:   [x=25] Digit 2 score: 0.44410547614097595
2025-12-04 17:45:18,084 INFO:   [x=25] Digit 3 score: 0.45522603392601013
2025-12-04 17:45:18,084 INFO:   [x=25] Digit 4 score: 0.3794463574886322
2025-12-04 17:45:18,084 INFO:   [x=25] Digit 5 score: 0.502140462398529
2025-12-04 17:45:18,084 INFO:   [x=25] Digit 6 score: 0.5618355870246887
2025-12-04 17:45:18,085 INFO:   [x=25] Digit 7 score: 0.3995830714702606
2025-12-04 17:45:18,086 INFO:   [x=25] Digit 8 score: 0.6483974456787109
2025-12-04 17:45:18,086 INFO:   [x=25] Digit 9 score: 0.5930589437484741
2025-12-04 17:45:18,088 INFO:   [x=7] Digit 0 score: 0.9621669054031372
2025-12-04 17:45:18,088 INFO:   [x=7] Digit 1 score: 0.5351661443710327
2025-12-04 17:45:18,088 INFO:   [x=7] Digit 2 score: 0.44410547614097595
2025-12-04 17:45:18,088 INFO:   [x=7] Digit 3 score: 0.45522603392601013
2025-12-04 17:45:18,088 INFO:   [x=7] Digit 4 score: 0.3794463574886322
2025-12-04 17:45:18,088 INFO:   [x=7] Digit 5 score: 0.502140462398529
2025-12-04 17:45:18,089 INFO:   [x=7] Digit 6 score: 0.5618355870246887
2025-12-04 17:45:18,089 INFO:   [x=7] Digit 7 score: 0.3995830714702606
2025-12-04 17:45:18,089 INFO:   [x=7] Digit 8 score: 0.6483974456787109
2025-12-04 17:45:18,089 INFO:   [x=7] Digit 9 score: 0.5930589437484741
2025-12-04 17:45:18,090 INFO:   [x=6] Digit 0 score: 0.5144458413124084
2025-12-04 17:45:18,090 INFO:   [x=6] Digit 1 score: 0.42138510942459106
2025-12-04 17:45:18,091 INFO:   [x=6] Digit 2 score: 0.9539275169372559
2025-12-04 17:45:18,091 INFO:   [x=6] Digit 3 score: 0.6235804557800293
2025-12-04 17:45:18,091 INFO:   [x=6] Digit 4 score: 0.5807954668998718
2025-12-04 17:45:18,092 INFO:   [x=6] Digit 5 score: 0.47734400629997253
2025-12-04 17:45:18,092 INFO:   [x=6] Digit 6 score: 0.40746161341667175
2025-12-04 17:45:18,093 INFO:   [x=6] Digit 7 score: 0.6168895363807678
2025-12-04 17:45:18,093 INFO:   [x=6] Digit 8 score: 0.4089187681674957
2025-12-04 17:45:18,094 INFO:   [x=6] Digit 9 score: 0.41403618454933167
2025-12-04 17:45:18,094 INFO:   [x=16] Digit 0 score: 0.9621669054031372
2025-12-04 17:45:18,094 INFO:   [x=16] Digit 1 score: 0.5351661443710327
2025-12-04 17:45:18,095 INFO:   [x=16] Digit 2 score: 0.44410547614097595
2025-12-04 17:45:18,095 INFO:   [x=16] Digit 3 score: 0.45522603392601013
2025-12-04 17:45:18,096 INFO:   [x=16] Digit 4 score: 0.3794463574886322
2025-12-04 17:45:18,096 INFO:   [x=16] Digit 5 score: 0.502140462398529
2025-12-04 17:45:18,096 INFO:   [x=16] Digit 6 score: 0.5618355870246887
2025-12-04 17:45:18,097 INFO:   [x=16] Digit 7 score: 0.3995830714702606
2025-12-04 17:45:18,097 INFO:   [x=16] Digit 8 score: 0.6483974456787109
2025-12-04 17:45:18,097 INFO:   [x=16] Digit 9 score: 0.5930589437484741
2025-12-04 17:45:18,097 INFO:   [x=90] Digit 0 score: 0.3772771656513214
2025-12-04 17:45:18,098 INFO:   [x=90] Digit 1 score: 0.5128686428070068
2025-12-04 17:45:18,098 INFO:   [x=90] Digit 2 score: 0.42597922682762146
2025-12-04 17:45:18,098 INFO:   [x=90] Digit 3 score: 0.45581501722335815
2025-12-04 17:45:18,098 INFO:   [x=90] Digit 4 score: 0.5811069011688232
2025-12-04 17:45:18,098 INFO:   [x=90] Digit 5 score: 0.3896559476852417
2025-12-04 17:45:18,099 INFO:   [x=90] Digit 6 score: 0.37787890434265137
2025-12-04 17:45:18,099 INFO:   [x=90] Digit 7 score: 0.47851693630218506
2025-12-04 17:45:18,099 INFO:   [x=90] Digit 8 score: 0.39977437257766724
2025-12-04 17:45:18,099 INFO:   [x=90] Digit 9 score: 0.4025130569934845
2025-12-04 17:45:18,100 INFO:   [x=8] Digit 0 score: 0.5144458413124084
2025-12-04 17:45:18,100 INFO:   [x=8] Digit 1 score: 0.42138510942459106
2025-12-04 17:45:18,100 INFO:   [x=8] Digit 2 score: 0.9539275169372559
2025-12-04 17:45:18,100 INFO:   [x=8] Digit 3 score: 0.6235804557800293
2025-12-04 17:45:18,100 INFO:   [x=8] Digit 4 score: 0.5807954668998718
2025-12-04 17:45:18,101 INFO:   [x=8] Digit 5 score: 0.47734400629997253
2025-12-04 17:45:18,101 INFO:   [x=8] Digit 6 score: 0.40746161341667175
2025-12-04 17:45:18,101 INFO:   [x=8] Digit 7 score: 0.6168895363807678
2025-12-04 17:45:18,102 INFO:   [x=8] Digit 8 score: 0.4089187681674957
2025-12-04 17:45:18,102 INFO:   [x=8] Digit 9 score: 0.41403618454933167
2025-12-04 17:45:18,102 INFO:   [x=18] Digit 0 score: 0.9621669054031372
2025-12-04 17:45:18,103 INFO:   [x=18] Digit 1 score: 0.5351661443710327
2025-12-04 17:45:18,103 INFO:   [x=18] Digit 2 score: 0.44410547614097595
2025-12-04 17:45:18,103 INFO:   [x=18] Digit 3 score: 0.45522603392601013
2025-12-04 17:45:18,103 INFO:   [x=18] Digit 4 score: 0.3794463574886322
2025-12-04 17:45:18,103 INFO:   [x=18] Digit 5 score: 0.502140462398529
2025-12-04 17:45:18,103 INFO:   [x=18] Digit 6 score: 0.5618355870246887
2025-12-04 17:45:18,104 INFO:   [x=18] Digit 7 score: 0.3995830714702606
2025-12-04 17:45:18,104 INFO:   [x=18] Digit 8 score: 0.6483974456787109
2025-12-04 17:45:18,104 INFO:   [x=18] Digit 9 score: 0.5930589437484741
2025-12-04 17:45:18,104 INFO:   [x=28] Digit 0 score: 0.9621669054031372
2025-12-04 17:45:18,105 INFO:   [x=28] Digit 1 score: 0.5351661443710327
2025-12-04 17:45:18,105 INFO:   [x=28] Digit 2 score: 0.44410547614097595
2025-12-04 17:45:18,105 INFO:   [x=28] Digit 3 score: 0.45522603392601013
2025-12-04 17:45:18,105 INFO:   [x=28] Digit 4 score: 0.3794463574886322
2025-12-04 17:45:18,105 INFO:   [x=28] Digit 5 score: 0.502140462398529
2025-12-04 17:45:18,105 INFO:   [x=28] Digit 6 score: 0.5618355870246887
2025-12-04 17:45:18,106 INFO:   [x=28] Digit 7 score: 0.3995830714702606
2025-12-04 17:45:18,106 INFO:   [x=28] Digit 8 score: 0.6483974456787109
2025-12-04 17:45:18,106 INFO:   [x=28] Digit 9 score: 0.5930589437484741
2025-12-04 17:45:18,106 INFO:   [x=5] Digit 0 score: 0.48778030276298523
2025-12-04 17:45:18,107 INFO:   [x=5] Digit 1 score: 0.9599044919013977
2025-12-04 17:45:18,107 INFO:   [x=5] Digit 2 score: 0.36956703662872314
2025-12-04 17:45:18,107 INFO:   [x=5] Digit 3 score: 0.5106933116912842
2025-12-04 17:45:18,107 INFO:   [x=5] Digit 4 score: 0.6198256611824036
2025-12-04 17:45:18,107 INFO:   [x=5] Digit 5 score: 0.3919067680835724
2025-12-04 17:45:18,108 INFO:   [x=5] Digit 6 score: 0.3023832440376282
2025-12-04 17:45:18,108 INFO:   [x=5] Digit 7 score: 0.40751615166664124
2025-12-04 17:45:18,108 INFO:   [x=5] Digit 8 score: 0.36469900608062744
2025-12-04 17:45:18,108 INFO:   [x=5] Digit 9 score: 0.42690494656562805
2025-12-04 17:45:18,108 INFO:   [x=15] Digit 0 score: 0.9621669054031372
2025-12-04 17:45:18,109 INFO:   [x=15] Digit 1 score: 0.5351661443710327
2025-12-04 17:45:18,109 INFO:   [x=15] Digit 2 score: 0.44410547614097595
2025-12-04 17:45:18,109 INFO:   [x=15] Digit 3 score: 0.45522603392601013
2025-12-04 17:45:18,109 INFO:   [x=15] Digit 4 score: 0.3794463574886322
2025-12-04 17:45:18,110 INFO:   [x=15] Digit 5 score: 0.502140462398529
2025-12-04 17:45:18,110 INFO:   [x=15] Digit 6 score: 0.5618355870246887
2025-12-04 17:45:18,110 INFO:   [x=15] Digit 7 score: 0.3995830714702606
2025-12-04 17:45:18,110 INFO:   [x=15] Digit 8 score: 0.6483974456787109
2025-12-04 17:45:18,111 INFO:   [x=15] Digit 9 score: 0.5930589437484741
2025-12-04 17:45:18,112 INFO:   [x=25] Digit 0 score: 0.9621669054031372
2025-12-04 17:45:18,112 INFO:   [x=25] Digit 1 score: 0.5351661443710327
2025-12-04 17:45:18,113 INFO:   [x=25] Digit 2 score: 0.44410547614097595
2025-12-04 17:45:18,114 INFO:   [x=25] Digit 3 score: 0.45522603392601013
2025-12-04 17:45:18,114 INFO:   [x=25] Digit 4 score: 0.3794463574886322
2025-12-04 17:45:18,115 INFO:   [x=25] Digit 5 score: 0.502140462398529
2025-12-04 17:45:18,116 INFO:   [x=25] Digit 6 score: 0.5618355870246887
2025-12-04 17:45:18,116 INFO:   [x=25] Digit 7 score: 0.3995830714702606
2025-12-04 17:45:18,117 INFO:   [x=25] Digit 8 score: 0.6483974456787109
2025-12-04 17:45:18,117 INFO:   [x=25] Digit 9 score: 0.5930589437484741
2025-12-04 17:45:18,118 INFO:   [x=7] Digit 0 score: 0.9621669054031372
2025-12-04 17:45:18,118 INFO:   [x=7] Digit 1 score: 0.5351661443710327
2025-12-04 17:45:18,118 INFO:   [x=7] Digit 2 score: 0.44410547614097595
2025-12-04 17:45:18,119 INFO:   [x=7] Digit 3 score: 0.45522603392601013
2025-12-04 17:45:18,119 INFO:   [x=7] Digit 4 score: 0.3794463574886322
2025-12-04 17:45:18,119 INFO:   [x=7] Digit 5 score: 0.502140462398529
2025-12-04 17:45:18,119 INFO:   [x=7] Digit 6 score: 0.5618355870246887
2025-12-04 17:45:18,120 INFO:   [x=7] Digit 7 score: 0.3995830714702606
2025-12-04 17:45:18,120 INFO:   [x=7] Digit 8 score: 0.6483974456787109
2025-12-04 17:45:18,120 INFO:   [x=7] Digit 9 score: 0.5930589437484741
2025-12-04 17:45:54,185 INFO: Finding anchors...
2025-12-04 17:45:54,227 INFO: Found anchors: {'food': (14, 189), 'wood': (14, 228), 'gold': (14, 267), 'stone': (15, 305)}
2025-12-04 17:45:54,243 INFO:   [food x=6] Digit 0 score: 0.5144458413124084
2025-12-04 17:45:54,243 INFO:   [food x=6] Digit 1 score: 0.42138510942459106
2025-12-04 17:45:54,244 INFO:   [food x=6] Digit 2 score: 0.9539275169372559
2025-12-04 17:45:54,244 INFO:   [food x=6] Digit 3 score: 0.6235804557800293
2025-12-04 17:45:54,244 INFO:   [food x=6] Digit 4 score: 0.5807954668998718
2025-12-04 17:45:54,244 INFO:   [food x=6] Digit 5 score: 0.47734400629997253
2025-12-04 17:45:54,244 INFO:   [food x=6] Digit 6 score: 0.40746161341667175
2025-12-04 17:45:54,244 INFO:   [food x=6] Digit 7 score: 0.6168895363807678
2025-12-04 17:45:54,245 INFO:   [food x=6] Digit 8 score: 0.4089187681674957
2025-12-04 17:45:54,245 INFO:   [food x=6] Digit 9 score: 0.41403618454933167
2025-12-04 17:45:54,246 INFO:   [food x=16] Digit 0 score: 0.9621669054031372
2025-12-04 17:45:54,246 INFO:   [food x=16] Digit 1 score: 0.5351661443710327
2025-12-04 17:45:54,246 INFO:   [food x=16] Digit 2 score: 0.44410547614097595
2025-12-04 17:45:54,246 INFO:   [food x=16] Digit 3 score: 0.45522603392601013
2025-12-04 17:45:54,246 INFO:   [food x=16] Digit 4 score: 0.3794463574886322
2025-12-04 17:45:54,246 INFO:   [food x=16] Digit 5 score: 0.502140462398529
2025-12-04 17:45:54,246 INFO:   [food x=16] Digit 6 score: 0.5618355870246887
2025-12-04 17:45:54,246 INFO:   [food x=16] Digit 7 score: 0.3995830714702606
2025-12-04 17:45:54,246 INFO:   [food x=16] Digit 8 score: 0.6483974456787109
2025-12-04 17:45:54,246 INFO:   [food x=16] Digit 9 score: 0.5930589437484741
2025-12-04 17:45:54,247 INFO:   [food x=90] Digit 0 score: 0.3772771656513214
2025-12-04 17:45:54,247 INFO:   [food x=90] Digit 1 score: 0.5128686428070068
2025-12-04 17:45:54,247 INFO:   [food x=90] Digit 2 score: 0.42597922682762146
2025-12-04 17:45:54,247 INFO:   [food x=90] Digit 3 score: 0.45581501722335815
2025-12-04 17:45:54,247 INFO:   [food x=90] Digit 4 score: 0.5811069011688232
2025-12-04 17:45:54,247 INFO:   [food x=90] Digit 5 score: 0.3896559476852417
2025-12-04 17:45:54,247 INFO:   [food x=90] Digit 6 score: 0.37787890434265137
2025-12-04 17:45:54,248 INFO:   [food x=90] Digit 7 score: 0.47851693630218506
2025-12-04 17:45:54,248 INFO:   [food x=90] Digit 8 score: 0.39977437257766724
2025-12-04 17:45:54,248 INFO:   [food x=90] Digit 9 score: 0.4025130569934845
2025-12-04 17:45:54,257 INFO:   [food x=6] Digit 0 score: 0.5144458413124084
2025-12-04 17:45:54,257 INFO:   [food x=6] Digit 1 score: 0.42138510942459106
2025-12-04 17:45:54,257 INFO:   [food x=6] Digit 2 score: 0.9539275169372559
2025-12-04 17:45:54,257 INFO:   [food x=6] Digit 3 score: 0.6235804557800293
2025-12-04 17:45:54,257 INFO:   [food x=6] Digit 4 score: 0.5807954668998718
2025-12-04 17:45:54,258 INFO:   [food x=6] Digit 5 score: 0.47734400629997253
2025-12-04 17:45:54,258 INFO:   [food x=6] Digit 6 score: 0.40746161341667175
2025-12-04 17:45:54,258 INFO:   [food x=6] Digit 7 score: 0.6168895363807678
2025-12-04 17:45:54,258 INFO:   [food x=6] Digit 8 score: 0.4089187681674957
2025-12-04 17:45:54,258 INFO:   [food x=6] Digit 9 score: 0.41403618454933167
2025-12-04 17:45:54,259 INFO:   [food x=16] Digit 0 score: 0.9621669054031372
2025-12-04 17:45:54,259 INFO:   [food x=16] Digit 1 score: 0.5351661443710327
2025-12-04 17:45:54,259 INFO:   [food x=16] Digit 2 score: 0.44410547614097595
2025-12-04 17:45:54,259 INFO:   [food x=16] Digit 3 score: 0.45522603392601013
2025-12-04 17:45:54,260 INFO:   [food x=16] Digit 4 score: 0.3794463574886322
2025-12-04 17:45:54,260 INFO:   [food x=16] Digit 5 score: 0.502140462398529
2025-12-04 17:45:54,260 INFO:   [food x=16] Digit 6 score: 0.5618355870246887
2025-12-04 17:45:54,260 INFO:   [food x=16] Digit 7 score: 0.3995830714702606
2025-12-04 17:45:54,260 INFO:   [food x=16] Digit 8 score: 0.6483974456787109
2025-12-04 17:45:54,261 INFO:   [food x=16] Digit 9 score: 0.5930589437484741
2025-12-04 17:45:54,261 INFO:   [food x=90] Digit 0 score: 0.3772771656513214
2025-12-04 17:45:54,262 INFO:   [food x=90] Digit 1 score: 0.5128686428070068
2025-12-04 17:45:54,262 INFO:   [food x=90] Digit 2 score: 0.42597922682762146
2025-12-04 17:45:54,262 INFO:   [food x=90] Digit 3 score: 0.45581501722335815
2025-12-04 17:45:54,262 INFO:   [food x=90] Digit 4 score: 0.5811069011688232
2025-12-04 17:45:54,262 INFO:   [food x=90] Digit 5 score: 0.3896559476852417
2025-12-04 17:45:54,263 INFO:   [food x=90] Digit 6 score: 0.37787890434265137
2025-12-04 17:45:54,263 INFO:   [food x=90] Digit 7 score: 0.47851693630218506
2025-12-04 17:45:54,263 INFO:   [food x=90] Digit 8 score: 0.39977437257766724
2025-12-04 17:45:54,263 INFO:   [food x=90] Digit 9 score: 0.4025130569934845
2025-12-04 17:46:15,944 INFO: Finding anchors...
2025-12-04 17:46:15,987 INFO: Found anchors: {'food': (14, 189), 'wood': (14, 228), 'gold': (14, 267), 'stone': (15, 305)}
2025-12-04 17:46:16,001 INFO:   [food x=6] Digit 0 score: 0.5149499773979187
2025-12-04 17:46:16,002 INFO:   [food x=6] Digit 1 score: 0.47555744647979736
2025-12-04 17:46:16,002 INFO:   [food x=6] Digit 2 score: 0.7369973659515381
2025-12-04 17:46:16,002 INFO:   [food x=6] Digit 3 score: 0.5543362498283386
2025-12-04 17:46:16,002 INFO:   [food x=6] Digit 4 score: 0.6816405653953552
2025-12-04 17:46:16,003 INFO:   [food x=6] Digit 5 score: 0.41765159368515015
2025-12-04 17:46:16,003 INFO:   [food x=6] Digit 6 score: 0.3916754722595215
2025-12-04 17:46:16,003 INFO:   [food x=6] Digit 7 score: 0.5872795581817627
2025-12-04 17:46:16,003 INFO:   [food x=6] Digit 8 score: 0.3594489097595215
2025-12-04 17:46:16,004 INFO:   [food x=6] Digit 9 score: 0.45284271240234375
2025-12-04 17:46:16,005 INFO:   [food x=16] Digit 0 score: 0.7686059474945068
2025-12-04 17:46:16,005 INFO:   [food x=16] Digit 1 score: 0.5343279838562012
2025-12-04 17:46:16,005 INFO:   [food x=16] Digit 2 score: 0.42893871665000916
2025-12-04 17:46:16,006 INFO:   [food x=16] Digit 3 score: 0.3772713243961334
2025-12-04 17:46:16,006 INFO:   [food x=16] Digit 4 score: 0.4002799391746521
2025-12-04 17:46:16,006 INFO:   [food x=16] Digit 5 score: 0.4161156117916107
2025-12-04 17:46:16,006 INFO:   [food x=16] Digit 6 score: 0.44434458017349243
2025-12-04 17:46:16,006 INFO:   [food x=16] Digit 7 score: 0.3815566301345825
2025-12-04 17:46:16,006 INFO:   [food x=16] Digit 8 score: 0.44702237844467163
2025-12-04 17:46:16,007 INFO:   [food x=16] Digit 9 score: 0.515541672706604
2025-12-04 17:46:16,007 INFO:   [food x=90] Digit 0 score: 0.540717601776123
2025-12-04 17:46:16,007 INFO:   [food x=90] Digit 1 score: 0.5340629816055298
2025-12-04 17:46:16,008 INFO:   [food x=90] Digit 2 score: 0.4608425498008728
2025-12-04 17:46:16,008 INFO:   [food x=90] Digit 3 score: 0.4772317707538605
2025-12-04 17:46:16,008 INFO:   [food x=90] Digit 4 score: 0.6137573719024658
2025-12-04 17:46:16,008 INFO:   [food x=90] Digit 5 score: 0.43461090326309204
2025-12-04 17:46:16,008 INFO:   [food x=90] Digit 6 score: 0.4718208611011505
2025-12-04 17:46:16,008 INFO:   [food x=90] Digit 7 score: 0.5370566844940186
2025-12-04 17:46:16,009 INFO:   [food x=90] Digit 8 score: 0.45493844151496887
2025-12-04 17:46:16,009 INFO:   [food x=90] Digit 9 score: 0.47575145959854126
2025-12-04 17:46:16,017 INFO:   [food x=6] Digit 0 score: 0.5149499773979187
2025-12-04 17:46:16,018 INFO:   [food x=6] Digit 1 score: 0.47555744647979736
2025-12-04 17:46:16,018 INFO:   [food x=6] Digit 2 score: 0.7369973659515381
2025-12-04 17:46:16,018 INFO:   [food x=6] Digit 3 score: 0.5543362498283386
2025-12-04 17:46:16,018 INFO:   [food x=6] Digit 4 score: 0.6816405653953552
2025-12-04 17:46:16,018 INFO:   [food x=6] Digit 5 score: 0.41765159368515015
2025-12-04 17:46:16,018 INFO:   [food x=6] Digit 6 score: 0.3916754722595215
2025-12-04 17:46:16,018 INFO:   [food x=6] Digit 7 score: 0.5872795581817627
2025-12-04 17:46:16,018 INFO:   [food x=6] Digit 8 score: 0.3594489097595215
2025-12-04 17:46:16,019 INFO:   [food x=6] Digit 9 score: 0.45284271240234375
2025-12-04 17:46:16,019 INFO:   [food x=16] Digit 0 score: 0.7686059474945068
2025-12-04 17:46:16,019 INFO:   [food x=16] Digit 1 score: 0.5343279838562012
2025-12-04 17:46:16,019 INFO:   [food x=16] Digit 2 score: 0.42893871665000916
2025-12-04 17:46:16,020 INFO:   [food x=16] Digit 3 score: 0.3772713243961334
2025-12-04 17:46:16,020 INFO:   [food x=16] Digit 4 score: 0.4002799391746521
2025-12-04 17:46:16,020 INFO:   [food x=16] Digit 5 score: 0.4161156117916107
2025-12-04 17:46:16,020 INFO:   [food x=16] Digit 6 score: 0.44434458017349243
2025-12-04 17:46:16,020 INFO:   [food x=16] Digit 7 score: 0.3815566301345825
2025-12-04 17:46:16,021 INFO:   [food x=16] Digit 8 score: 0.44702237844467163
2025-12-04 17:46:16,021 INFO:   [food x=16] Digit 9 score: 0.515541672706604
2025-12-04 17:46:16,021 INFO:   [food x=90] Digit 0 score: 0.540717601776123
2025-12-04 17:46:16,021 INFO:   [food x=90] Digit 1 score: 0.5340629816055298
2025-12-04 17:46:16,021 INFO:   [food x=90] Digit 2 score: 0.4608425498008728
2025-12-04 17:46:16,021 INFO:   [food x=90] Digit 3 score: 0.4772317707538605
2025-12-04 17:46:16,022 INFO:   [food x=90] Digit 4 score: 0.6137573719024658
2025-12-04 17:46:16,022 INFO:   [food x=90] Digit 5 score: 0.43461090326309204
2025-12-04 17:46:16,022 INFO:   [food x=90] Digit 6 score: 0.4718208611011505
2025-12-04 17:46:16,022 INFO:   [food x=90] Digit 7 score: 0.5370566844940186
2025-12-04 17:46:16,022 INFO:   [food x=90] Digit 8 score: 0.45493844151496887
2025-12-04 17:46:16,022 INFO:   [food x=90] Digit 9 score: 0.47575145959854126
2025-12-04 17:46:36,530 INFO: Finding anchors...
2025-12-04 17:46:36,561 INFO: Found anchors: {'food': (14, 189), 'wood': (14, 228), 'gold': (14, 267), 'stone': (15, 305)}
2025-12-04 17:46:36,570 INFO:   [food x=6] Digit 0 score: 0.4096970856189728
2025-12-04 17:46:36,570 INFO:   [food x=6] Digit 1 score: 0.33195987343788147
2025-12-04 17:46:36,571 INFO:   [food x=6] Digit 2 score: 0.556850016117096
2025-12-04 17:46:36,571 INFO:   [food x=6] Digit 3 score: 0.43773704767227173
2025-12-04 17:46:36,571 INFO:   [food x=6] Digit 4 score: 0.36649420857429504
2025-12-04 17:46:36,571 INFO:   [food x=6] Digit 5 score: 0.3254288136959076
2025-12-04 17:46:36,572 INFO:   [food x=6] Digit 7 score: 0.3860695958137512
2025-12-04 17:46:36,572 INFO:   [food x=6] Digit 8 score: 0.36296918988227844
2025-12-04 17:46:36,572 INFO:   [food x=16] Digit 0 score: 0.6232807040214539
2025-12-04 17:46:36,573 INFO:   [food x=16] Digit 1 score: 0.343095600605011
2025-12-04 17:46:36,573 INFO:   [food x=16] Digit 3 score: 0.3002980649471283
2025-12-04 17:46:36,573 INFO:   [food x=16] Digit 4 score: 0.3507988750934601
2025-12-04 17:46:36,573 INFO:   [food x=16] Digit 5 score: 0.3265521824359894
2025-12-04 17:46:36,573 INFO:   [food x=16] Digit 6 score: 0.40751343965530396
2025-12-04 17:46:36,574 INFO:   [food x=16] Digit 7 score: 0.3629476726055145
2025-12-04 17:46:36,574 INFO:   [food x=16] Digit 8 score: 0.37136366963386536
2025-12-04 17:46:36,574 INFO:   [food x=16] Digit 9 score: 0.44925442337989807
2025-12-04 17:46:36,574 INFO:   [food x=90] Digit 0 score: 0.34075555205345154
2025-12-04 17:46:36,574 INFO:   [food x=90] Digit 1 score: 0.46504640579223633
2025-12-04 17:46:36,575 INFO:   [food x=90] Digit 2 score: 0.34604185819625854
2025-12-04 17:46:36,576 INFO:   [food x=90] Digit 3 score: 0.4190947115421295
2025-12-04 17:46:36,580 INFO:   [food x=90] Digit 4 score: 0.4934573173522949
2025-12-04 17:46:36,580 INFO:   [food x=90] Digit 5 score: 0.3381546139717102
2025-12-04 17:46:36,580 INFO:   [food x=90] Digit 6 score: 0.32681775093078613
2025-12-04 17:46:36,581 INFO:   [food x=90] Digit 7 score: 0.4968947172164917
2025-12-04 17:46:36,581 INFO:   [food x=90] Digit 8 score: 0.30503565073013306
2025-12-04 17:46:36,581 INFO:   [food x=90] Digit 9 score: 0.40774956345558167
2025-12-04 17:46:36,595 INFO:   [food x=6] Digit 0 score: 0.4096970856189728
2025-12-04 17:46:36,596 INFO:   [food x=6] Digit 1 score: 0.33195987343788147
2025-12-04 17:46:36,596 INFO:   [food x=6] Digit 2 score: 0.556850016117096
2025-12-04 17:46:36,596 INFO:   [food x=6] Digit 3 score: 0.43773704767227173
2025-12-04 17:46:36,596 INFO:   [food x=6] Digit 4 score: 0.36649420857429504
2025-12-04 17:46:36,596 INFO:   [food x=6] Digit 5 score: 0.3254288136959076
2025-12-04 17:46:36,597 INFO:   [food x=6] Digit 7 score: 0.3860695958137512
2025-12-04 17:46:36,597 INFO:   [food x=6] Digit 8 score: 0.36296918988227844
2025-12-04 17:46:36,597 INFO:   [food x=16] Digit 0 score: 0.6232807040214539
2025-12-04 17:46:36,598 INFO:   [food x=16] Digit 1 score: 0.343095600605011
2025-12-04 17:46:36,598 INFO:   [food x=16] Digit 3 score: 0.3002980649471283
2025-12-04 17:46:36,598 INFO:   [food x=16] Digit 4 score: 0.3507988750934601
2025-12-04 17:46:36,598 INFO:   [food x=16] Digit 5 score: 0.3265521824359894
2025-12-04 17:46:36,598 INFO:   [food x=16] Digit 6 score: 0.40751343965530396
2025-12-04 17:46:36,598 INFO:   [food x=16] Digit 7 score: 0.3629476726055145
2025-12-04 17:46:36,599 INFO:   [food x=16] Digit 8 score: 0.37136366963386536
2025-12-04 17:46:36,599 INFO:   [food x=16] Digit 9 score: 0.44925442337989807
2025-12-04 17:46:36,600 INFO:   [food x=90] Digit 0 score: 0.34075555205345154
2025-12-04 17:46:36,600 INFO:   [food x=90] Digit 1 score: 0.46504640579223633
2025-12-04 17:46:36,601 INFO:   [food x=90] Digit 2 score: 0.34604185819625854
2025-12-04 17:46:36,601 INFO:   [food x=90] Digit 3 score: 0.4190947115421295
2025-12-04 17:46:36,601 INFO:   [food x=90] Digit 4 score: 0.4934573173522949
2025-12-04 17:46:36,601 INFO:   [food x=90] Digit 5 score: 0.3381546139717102
2025-12-04 17:46:36,602 INFO:   [food x=90] Digit 6 score: 0.32681775093078613
2025-12-04 17:46:36,602 INFO:   [food x=90] Digit 7 score: 0.4968947172164917
2025-12-04 17:46:36,602 INFO:   [food x=90] Digit 8 score: 0.30503565073013306
2025-12-04 17:46:36,602 INFO:   [food x=90] Digit 9 score: 0.40774956345558167
2025-12-04 17:50:55,107 INFO: Finding anchors...
2025-12-04 17:50:55,434 INFO: Found anchors: {'food': (815, 439), 'wood': (1004, 161), 'gold': (1000, 192), 'stone': (1002, 222)}
2025-12-04 17:51:44,565 INFO: Finding anchors...
2025-12-04 17:51:44,624 INFO: Found anchors: {'wood': (220, 184), 'gold': (5, 221), 'stone': (2, 251)}
2025-12-04 17:54:37,163 INFO: Finding anchors...
2025-12-04 17:54:37,211 INFO: Found anchors: {'silver': (5, 221), 'wood': (220, 184), 'stone': (2, 251)}
2025-12-04 17:54:37,228 INFO: Finding anchors...
2025-12-04 17:54:37,249 INFO: Found anchors: {'food': (14, 189), 'wood': (14, 228), 'gold': (14, 267), 'stone': (15, 305), 'silver': (24, 24)}
2025-12-04 17:55:09,455 INFO: Finding anchors...
2025-12-04 17:55:09,517 INFO: Found anchors: {'silver': (5, 221), 'wood': (220, 184), 'stone': (2, 251)}
2025-12-04 17:55:09,526 INFO:   [wood x=38] Digit 0 score: 0.4085201025009155
2025-12-04 17:55:09,526 INFO:   [wood x=38] Digit 1 score: 0.4524898827075958
2025-12-04 17:55:09,527 INFO:   [wood x=38] Digit 2 score: 0.3033769428730011
2025-12-04 17:55:09,527 INFO:   [wood x=38] Digit 4 score: 0.38410788774490356
2025-12-04 17:55:09,527 INFO:   [wood x=38] Digit 5 score: 0.35127755999565125
2025-12-04 17:55:09,527 INFO:   [wood x=38] Digit 6 score: 0.33750155568122864
2025-12-04 17:55:09,528 INFO:   [wood x=38] Digit 7 score: 0.3734564483165741
2025-12-04 17:55:09,528 INFO:   [wood x=38] Digit 8 score: 0.34300196170806885
2025-12-04 17:55:09,528 INFO:   [wood x=38] Digit 9 score: 0.3445475101470947
2025-12-04 17:55:09,538 INFO:   [silver x=0] Digit 0 score: 0.40551817417144775
2025-12-04 17:55:09,539 INFO:   [silver x=0] Digit 1 score: 0.5334405899047852
2025-12-04 17:55:09,539 INFO:   [silver x=0] Digit 2 score: 0.43062108755111694
2025-12-04 17:55:09,540 INFO:   [silver x=0] Digit 3 score: 0.42513176798820496
2025-12-04 17:55:09,540 INFO:   [silver x=0] Digit 4 score: 0.39852869510650635
2025-12-04 17:55:09,540 INFO:   [silver x=0] Digit 5 score: 0.36453238129615784
2025-12-04 17:55:09,540 INFO:   [silver x=0] Digit 6 score: 0.3578963875770569
2025-12-04 17:55:09,541 INFO:   [silver x=0] Digit 7 score: 0.5847201347351074
2025-12-04 17:55:09,541 INFO:   [silver x=0] Digit 8 score: 0.352835088968277
2025-12-04 17:55:09,541 INFO:   [silver x=0] Digit 9 score: 0.3801727294921875
2025-12-04 17:55:09,543 INFO:   [silver x=79] Digit 0 score: 0.40156328678131104
2025-12-04 17:55:09,543 INFO:   [silver x=79] Digit 1 score: 0.4922535717487335
2025-12-04 17:55:09,543 INFO:   [silver x=79] Digit 2 score: 0.38639822602272034
2025-12-04 17:55:09,544 INFO:   [silver x=79] Digit 3 score: 0.3386373817920685
2025-12-04 17:55:09,544 INFO:   [silver x=79] Digit 4 score: 0.4391310214996338
2025-12-04 17:55:09,544 INFO:   [silver x=79] Digit 6 score: 0.34265798330307007
2025-12-04 17:55:09,545 INFO:   [silver x=79] Digit 7 score: 0.5075942277908325
2025-12-04 17:55:09,545 INFO:   [silver x=79] Digit 8 score: 0.3529880940914154
2025-12-04 17:55:09,545 INFO:   [silver x=79] Digit 9 score: 0.32509633898735046
2025-12-04 17:55:09,554 INFO: Finding anchors...
2025-12-04 17:55:09,581 INFO: Found anchors: {'food': (14, 189), 'wood': (14, 228), 'gold': (14, 267), 'stone': (15, 305), 'silver': (24, 24)}
2025-12-04 17:55:09,586 INFO:   [wood x=8] Digit 0 score: 0.4096970856189728
2025-12-04 17:55:09,586 INFO:   [wood x=8] Digit 1 score: 0.33195987343788147
2025-12-04 17:55:09,586 INFO:   [wood x=8] Digit 2 score: 0.556850016117096
2025-12-04 17:55:09,586 INFO:   [wood x=8] Digit 3 score: 0.43773704767227173
2025-12-04 17:55:09,586 INFO:   [wood x=8] Digit 4 score: 0.36649420857429504
2025-12-04 17:55:09,586 INFO:   [wood x=8] Digit 5 score: 0.3254288136959076
2025-12-04 17:55:09,587 INFO:   [wood x=8] Digit 7 score: 0.3860695958137512
2025-12-04 17:55:09,587 INFO:   [wood x=8] Digit 8 score: 0.36296918988227844
2025-12-04 17:55:09,587 INFO:   [wood x=18] Digit 0 score: 0.6232807040214539
2025-12-04 17:55:09,588 INFO:   [wood x=18] Digit 1 score: 0.343095600605011
2025-12-04 17:55:09,588 INFO:   [wood x=18] Digit 3 score: 0.3002980649471283
2025-12-04 17:55:09,588 INFO:   [wood x=18] Digit 4 score: 0.3507988750934601
2025-12-04 17:55:09,588 INFO:   [wood x=18] Digit 5 score: 0.3265521824359894
2025-12-04 17:55:09,589 INFO:   [wood x=18] Digit 6 score: 0.40751343965530396
2025-12-04 17:55:09,589 INFO:   [wood x=18] Digit 7 score: 0.3629476726055145
2025-12-04 17:55:09,589 INFO:   [wood x=18] Digit 8 score: 0.37136366963386536
2025-12-04 17:55:09,589 INFO:   [wood x=18] Digit 9 score: 0.44925442337989807
2025-12-04 17:55:09,590 INFO:   [wood x=28] Digit 0 score: 0.6232807040214539
2025-12-04 17:55:09,590 INFO:   [wood x=28] Digit 1 score: 0.343095600605011
2025-12-04 17:55:09,590 INFO:   [wood x=28] Digit 3 score: 0.3002980649471283
2025-12-04 17:55:09,590 INFO:   [wood x=28] Digit 4 score: 0.3507988750934601
2025-12-04 17:55:09,590 INFO:   [wood x=28] Digit 5 score: 0.3265521824359894
2025-12-04 17:55:09,590 INFO:   [wood x=28] Digit 6 score: 0.40751343965530396
2025-12-04 17:55:09,590 INFO:   [wood x=28] Digit 7 score: 0.3629476726055145
2025-12-04 17:55:09,591 INFO:   [wood x=28] Digit 8 score: 0.37136366963386536
2025-12-04 17:55:09,591 INFO:   [wood x=28] Digit 9 score: 0.44925442337989807
2025-12-04 17:55:29,566 INFO: Finding anchors...
2025-12-04 17:55:29,592 INFO: Found anchors: {'silver': (5, 221), 'wood': (220, 184), 'stone': (2, 251)}
2025-12-04 17:55:29,594 INFO:   [wood x=38] Digit 0 score: 0.4085201025009155
2025-12-04 17:55:29,594 INFO:   [wood x=38] Digit 1 score: 0.4524898827075958
2025-12-04 17:55:29,594 INFO:   [wood x=38] Digit 2 score: 0.3033769428730011
2025-12-04 17:55:29,594 INFO:   [wood x=38] Digit 4 score: 0.38410788774490356
2025-12-04 17:55:29,595 INFO:   [wood x=38] Digit 5 score: 0.35127755999565125
2025-12-04 17:55:29,595 INFO:   [wood x=38] Digit 6 score: 0.33750155568122864
2025-12-04 17:55:29,595 INFO:   [wood x=38] Digit 7 score: 0.3734564483165741
2025-12-04 17:55:29,595 INFO:   [wood x=38] Digit 8 score: 0.34300196170806885
2025-12-04 17:55:29,595 INFO:   [wood x=38] Digit 9 score: 0.3445475101470947
2025-12-04 17:55:29,597 INFO:   [silver x=0] Digit 0 score: 0.40551817417144775
2025-12-04 17:55:29,597 INFO:   [silver x=0] Digit 1 score: 0.5334405899047852
2025-12-04 17:55:29,597 INFO:   [silver x=0] Digit 2 score: 0.43062108755111694
2025-12-04 17:55:29,597 INFO:   [silver x=0] Digit 3 score: 0.42513176798820496
2025-12-04 17:55:29,597 INFO:   [silver x=0] Digit 4 score: 0.39852869510650635
2025-12-04 17:55:29,597 INFO:   [silver x=0] Digit 5 score: 0.36453238129615784
2025-12-04 17:55:29,597 INFO:   [silver x=0] Digit 6 score: 0.3578963875770569
2025-12-04 17:55:29,598 INFO:   [silver x=0] Digit 7 score: 0.5847201347351074
2025-12-04 17:55:29,598 INFO:   [silver x=0] Digit 8 score: 0.352835088968277
2025-12-04 17:55:29,598 INFO:   [silver x=0] Digit 9 score: 0.3801727294921875
2025-12-04 17:55:29,599 INFO:   [silver x=79] Digit 0 score: 0.40156328678131104
2025-12-04 17:55:29,599 INFO:   [silver x=79] Digit 1 score: 0.4922535717487335
2025-12-04 17:55:29,600 INFO:   [silver x=79] Digit 2 score: 0.38639822602272034
2025-12-04 17:55:29,600 INFO:   [silver x=79] Digit 3 score: 0.3386373817920685
2025-12-04 17:55:29,600 INFO:   [silver x=79] Digit 4 score: 0.4391310214996338
2025-12-04 17:55:29,600 INFO:   [silver x=79] Digit 6 score: 0.34265798330307007
2025-12-04 17:55:29,600 INFO:   [silver x=79] Digit 7 score: 0.5075942277908325
2025-12-04 17:55:29,600 INFO:   [silver x=79] Digit 8 score: 0.3529880940914154
2025-12-04 17:55:29,600 INFO:   [silver x=79] Digit 9 score: 0.32509633898735046
2025-12-04 17:58:32,765 INFO: Finding anchors...
2025-12-04 17:58:32,847 INFO: Found anchors: {'silver': (5, 221), 'food': (5, 161), 'wood': (5, 191), 'stone': (5, 251)}
2025-12-04 18:24:43,354 INFO: Finding anchors...
2025-12-04 18:24:43,415 INFO: Found anchors: {'gold': (14, 228), 'stone': (15, 272), 'food': (14, 138), 'wood': (14, 183), 'silver': (13, 316)}
2025-12-04 18:25:55,226 INFO: Finding anchors...
2025-12-04 18:25:55,289 INFO: Found anchors: {'gold': (14, 228), 'stone': (15, 272), 'food': (14, 138), 'wood': (14, 183), 'silver': (13, 316)}
2025-12-04 18:26:08,676 INFO: Finding anchors...
2025-12-04 18:26:08,737 INFO: Found anchors: {'gold': (14, 228), 'stone': (15, 272), 'food': (14, 138), 'wood': (14, 183), 'silver': (13, 316)}
2025-12-04 18:26:15,378 INFO: Finding anchors...
2025-12-04 18:26:15,443 INFO: Found anchors: {'gold': (14, 228), 'stone': (15, 272), 'food': (14, 138), 'wood': (14, 183), 'silver': (13, 316)}
2025-12-04 18:31:43,408 INFO: Finding anchors...
2025-12-04 18:31:43,475 INFO: Found anchors: {'gold': (14, 228), 'stone': (15, 272), 'food': (14, 138), 'wood': (14, 183), 'silver': (13, 316)}
2025-12-04 18:34:50,938 INFO: Finding anchors...
2025-12-04 18:34:51,009 INFO: Found anchors: {'gold': (14, 228), 'stone': (15, 272), 'food': (14, 138), 'wood': (14, 183), 'silver': (13, 316)}
2025-12-04 18:37:54,562 INFO: Finding anchors...
2025-12-04 18:37:54,638 INFO: Found anchors: {'gold': (14, 228), 'stone': (15, 272), 'food': (14, 138), 'wood': (14, 183), 'silver': (13, 316)}
2025-12-04 18:41:43,624 INFO: Finding anchors...
2025-12-04 18:41:43,688 INFO: Found anchors: {'gold': (14, 228), 'stone': (15, 272), 'food': (14, 138), 'wood': (14, 183), 'silver': (13, 316)}
2025-12-04 18:44:34,518 INFO: Finding anchors...
2025-12-04 18:44:34,590 INFO: Found anchors: {'gold': (14, 228), 'stone': (15, 272), 'food': (14, 138), 'wood': (14, 183), 'silver': (13, 316)}
2025-12-04 18:49:34,963 INFO: Finding anchors...
2025-12-04 18:49:35,071 INFO: Found anchors: {'gold': (14, 228), 'stone': (15, 272), 'food': (14, 138), 'wood': (14, 183), 'silver': (13, 316)}
2025-12-04 18:49:48,964 INFO: Finding anchors...
2025-12-04 18:49:49,028 INFO: Found anchors: {'gold': (14, 228), 'stone': (15, 272), 'food': (14, 138), 'wood': (14, 183), 'silver': (13, 316)}
2025-12-04 18:56:06,053 INFO: Finding anchors...
2025-12-04 18:56:06,120 INFO: Found anchors: {'gold': (14, 228), 'stone': (15, 272), 'food': (14, 138), 'wood': (14, 183), 'silver': (13, 316)}
2025-12-04 18:57:01,108 INFO: live_monitor_resources (OpenCV) start poll_sec=1.0 max_points=300
2025-12-04 18:57:01,663 INFO: Finding anchors...
2025-12-04 18:57:01,723 INFO: Found anchors: {'wood': (137, 67), 'food': (262, 280)}
2025-12-04 18:57:30,500 INFO: Quit key pressed - exiting live monitor
2025-12-04 18:57:30,500 INFO: OpenCV live loop ended
2025-12-04 18:57:44,853 INFO: live_monitor_resources (OpenCV) start poll_sec=1.0 max_points=300
2025-12-04 18:57:45,402 INFO: Finding anchors...
2025-12-04 18:57:45,467 INFO: Found anchors: {'wood': (120, 58), 'food': (140, 0)}
2025-12-04 18:58:56,986 INFO: Quit key pressed - exiting live monitor
2025-12-04 18:58:56,987 INFO: OpenCV live loop ended
2025-12-04 19:03:05,610 INFO: Finding anchors...
2025-12-04 19:03:05,763 INFO: Found anchors: {'gold': (14, 228), 'stone': (15, 272), 'food': (14, 138), 'wood': (14, 183), 'silver': (13, 316)}
2025-12-04 19:10:07,234 INFO: Finding anchors...
2025-12-04 19:10:07,292 INFO: Found anchors: {'gold': (14, 228), 'stone': (15, 272), 'food': (14, 138), 'wood': (14, 183), 'silver': (13, 316)}
2025-12-04 19:10:23,001 INFO: Finding anchors...
2025-12-04 19:10:23,061 INFO: Found anchors: {'gold': (14, 228), 'stone': (15, 272), 'food': (14, 138), 'wood': (14, 183), 'silver': (13, 316)}
2025-12-04 19:10:51,114 INFO: Finding anchors...
2025-12-04 19:10:51,237 INFO: Found anchors: {'gold': (14, 228), 'stone': (15, 272), 'food': (14, 138), 'wood': (14, 183), 'silver': (13, 316)}
2025-12-04 19:11:19,071 INFO: Finding anchors...
2025-12-04 19:11:19,133 INFO: Found anchors: {'gold': (14, 228), 'stone': (15, 272), 'food': (14, 138), 'wood': (14, 183), 'silver': (13, 316)}
2025-12-04 19:12:14,755 INFO: Finding anchors...
2025-12-04 19:12:14,833 INFO: Found anchors: {'gold': (14, 228), 'stone': (15, 272), 'food': (14, 138), 'wood': (14, 183), 'silver': (13, 316)}
2025-12-04 19:13:57,243 INFO: live_monitor_resources (OpenCV) start poll_sec=1.0 max_points=300
2025-12-04 19:13:57,798 INFO: Finding anchors...
2025-12-04 19:13:57,880 INFO: Found anchors: {'gold': (14, 228), 'stone': (15, 272), 'wood': (14, 183), 'food': (14, 138), 'silver': (13, 316)}
2025-12-04 19:14:22,584 INFO: Quit key pressed - exiting live monitor
2025-12-04 19:14:22,585 INFO: OpenCV live loop ended
2025-12-04 19:15:32,165 INFO: live_monitor_resources (OpenCV) start poll_sec=1.0 max_points=300
2025-12-04 19:15:32,571 INFO: Finding anchors...
2025-12-04 19:15:32,651 INFO: Found anchors: {'gold': (14, 228), 'stone': (15, 272), 'wood': (14, 183), 'food': (14, 138), 'silver': (13, 316)}
2025-12-04 19:17:35,988 INFO: Quit key pressed - exiting live monitor
2025-12-04 19:17:35,988 INFO: OpenCV live loop ended
2025-12-04 19:19:50,654 INFO: live_monitor_resources (OpenCV) start poll_sec=1.0 max_points=300
2025-12-04 19:19:51,112 INFO: Finding anchors...
2025-12-04 19:19:51,182 INFO: Found anchors: {'stone': (15, 272), 'gold': (14, 228), 'wood': (14, 183), 'food': (14, 138), 'silver': (13, 316)}
2025-12-04 19:21:55,126 INFO: live_monitor_resources (OpenCV) start poll_sec=1.0 max_points=300
2025-12-04 19:21:55,572 INFO: Finding anchors...
2025-12-04 19:21:55,648 INFO: Found anchors: {'gold': (14, 228), 'stone': (15, 272), 'food': (14, 138), 'wood': (14, 183), 'silver': (13, 316)}
2025-12-04 19:28:49,006 INFO: live_monitor_resources (OpenCV) start poll_sec=1.0 max_points=300
2025-12-04 19:28:49,541 INFO: Finding anchors...
2025-12-04 19:28:49,613 INFO: Found anchors: {'gold': (14, 228), 'stone': (15, 272), 'wood': (14, 183), 'food': (14, 138), 'silver': (13, 316)}
2025-12-04 19:34:27,098 INFO: Finding anchors...
2025-12-04 19:34:27,188 INFO: Found anchors: {'gold': (14, 228), 'stone': (15, 272), 'food': (14, 138), 'wood': (14, 183), 'silver': (13, 316)}
2025-12-04 19:34:46,766 INFO: Finding anchors...
2025-12-04 19:34:46,866 INFO: Found anchors: {'gold': (14, 228), 'stone': (15, 272), 'food': (14, 138), 'wood': (14, 183), 'silver': (13, 316)}
2025-12-04 19:35:19,167 INFO: Finding anchors...
2025-12-04 19:35:19,248 INFO: Found anchors: {'gold': (14, 228), 'stone': (15, 272), 'food': (14, 138), 'wood': (14, 183), 'silver': (13, 316)}
2025-12-04 19:35:37,416 INFO: Finding anchors...
2025-12-04 19:35:37,489 INFO: Found anchors: {'gold': (14, 228), 'stone': (15, 272), 'food': (14, 138), 'wood': (14, 183), 'silver': (13, 316)}
2025-12-04 19:36:00,119 INFO: live_monitor_resources (OpenCV) start poll_sec=1.0 max_points=300
2025-12-04 19:36:00,660 INFO: Finding anchors...
2025-12-04 19:36:00,735 INFO: Found anchors: {'gold': (14, 228), 'stone': (15, 272), 'food': (14, 138), 'wood': (14, 183), 'silver': (13, 316)}
2025-12-04 19:39:46,541 INFO: live_monitor_resources (OpenCV) start poll_sec=1.0 max_points=300
2025-12-04 19:39:47,327 INFO: Finding anchors...
2025-12-04 19:39:47,419 INFO: Found anchors: {'gold': (14, 228), 'stone': (15, 272), 'food': (14, 138), 'wood': (14, 183), 'silver': (13, 316)}
2025-12-04 19:41:24,999 INFO: Quit key pressed - exiting live monitor
2025-12-04 19:41:25,000 INFO: OpenCV live loop ended
2025-12-04 19:41:29,562 INFO: live_monitor_resources (OpenCV) start poll_sec=1.0 max_points=300
2025-12-04 19:41:29,879 INFO: Finding anchors...
2025-12-04 19:41:29,921 INFO: Found anchors: {'gold': (14, 228), 'stone': (15, 272), 'food': (14, 138), 'wood': (14, 183), 'silver': (13, 316)}
2025-12-04 19:42:45,226 INFO: live_monitor_resources (OpenCV) start poll_sec=1.0 max_points=300
2025-12-04 19:42:45,696 INFO: Finding anchors...
2025-12-04 19:42:45,747 INFO: Found anchors: {'gold': (14, 228), 'stone': (15, 272), 'food': (14, 138), 'wood': (14, 183), 'silver': (13, 316)}
2025-12-04 19:44:28,910 INFO: live_monitor_resources (OpenCV) start poll_sec=1.0 max_points=300
2025-12-04 19:44:29,539 INFO: Finding anchors...
2025-12-04 19:44:29,600 INFO: Found anchors: {'gold': (14, 228), 'stone': (15, 272), 'food': (14, 138), 'wood': (14, 183), 'silver': (13, 316)}
2025-12-04 19:44:57,558 INFO: live_monitor_resources (OpenCV) start poll_sec=1.0 max_points=300
2025-12-04 19:44:57,989 INFO: Finding anchors...
2025-12-04 19:44:58,045 INFO: Found anchors: {'gold': (14, 228), 'stone': (15, 272), 'food': (14, 138), 'wood': (14, 183), 'silver': (13, 316)}
2025-12-04 19:47:32,098 INFO: live_monitor_resources (OpenCV) start poll_sec=1.0 max_points=300
2025-12-04 19:47:32,720 INFO: Finding anchors...
2025-12-04 19:47:32,832 INFO: Found anchors: {'gold': (14, 228), 'stone': (15, 272), 'food': (14, 138), 'wood': (14, 183), 'silver': (13, 316)}
2025-12-04 19:48:10,224 INFO: Quit key pressed - exiting live monitor
2025-12-04 19:48:10,225 INFO: OpenCV live loop ended
2025-12-04 19:48:12,307 INFO: Quit key pressed - exiting live monitor
2025-12-04 19:48:12,310 INFO: OpenCV live loop ended
2025-12-04 19:48:14,428 INFO: Quit key pressed - exiting live monitor
2025-12-04 19:48:14,428 INFO: OpenCV live loop ended
2025-12-04 19:48:15,152 INFO: Quit key pressed - exiting live monitor
2025-12-04 19:48:15,156 INFO: OpenCV live loop ended
2025-12-04 19:48:15,643 INFO: Quit key pressed - exiting live monitor
2025-12-04 19:48:15,645 INFO: OpenCV live loop ended
2025-12-04 19:49:02,115 INFO: live_monitor_resources (OpenCV) start poll_sec=1.0 max_points=300
2025-12-04 19:49:02,543 INFO: Finding anchors...
2025-12-04 19:49:02,729 INFO: Found anchors: {'gold': (14, 228), 'stone': (15, 272), 'food': (14, 138), 'wood': (14, 183), 'silver': (13, 316)}
2025-12-04 19:51:40,120 INFO: live_monitor_resources (OpenCV) start poll_sec=1.0 max_points=300
2025-12-04 19:51:40,481 INFO: Finding anchors...
2025-12-04 19:51:40,561 INFO: Found anchors: {'gold': (14, 228), 'stone': (15, 272), 'wood': (14, 183), 'food': (14, 138), 'silver': (13, 316)}
2025-12-04 19:57:06,227 INFO: live_monitor_resources (OpenCV) start poll_sec=1.0 max_points=300
2025-12-04 19:57:06,894 INFO: Finding anchors...
2025-12-04 19:57:06,978 INFO: Found anchors: {'gold': (14, 228), 'stone': (15, 272), 'food': (14, 138), 'wood': (14, 183), 'silver': (13, 316)}
2025-12-04 20:00:44,418 INFO: live_monitor_resources (OpenCV) start poll_sec=1.0 max_points=300
2025-12-04 20:00:44,863 INFO: Finding anchors...
2025-12-04 20:00:44,945 INFO: Found anchors: {'gold': (14, 228), 'stone': (15, 272), 'food': (14, 138), 'wood': (14, 183), 'silver': (13, 316)}
2025-12-04 20:08:52,631 INFO: live_monitor_resources (OpenCV) start poll_sec=1.0 max_points=300
2025-12-04 20:08:53,260 INFO: Finding anchors...
2025-12-04 20:08:53,369 INFO: Found anchors: {'gold': (14, 228), 'stone': (15, 272), 'wood': (14, 183), 'food': (14, 138), 'silver': (13, 316)}
2025-12-04 22:03:37,272 INFO: Quit key pressed - exiting live monitor
2025-12-04 22:03:37,282 INFO: OpenCV live loop ended
2025-12-04 22:03:45,175 INFO: Quit key pressed - exiting live monitor
2025-12-04 22:03:45,182 INFO: OpenCV live loop ended
2025-12-04 22:03:47,767 INFO: Quit key pressed - exiting live monitor
2025-12-04 22:03:47,770 INFO: OpenCV live loop ended
2025-12-04 22:03:48,549 INFO: Quit key pressed - exiting live monitor
2025-12-04 22:03:48,553 INFO: OpenCV live loop ended
2025-12-04 22:05:11,734 INFO: Quit key pressed - exiting live monitor
2025-12-04 22:05:11,746 INFO: OpenCV live loop ended
2025-12-04 22:05:39,504 INFO: live_monitor_resources (OpenCV) start poll_sec=1.0 max_points=300
2025-12-04 22:05:40,096 INFO: Finding anchors...
2025-12-04 22:05:40,206 INFO: Found anchors: {'food': (90, 57), 'wood': (339, 57), 'silver': (108, 66)}
2025-12-04 22:08:47,389 INFO: Quit key pressed - exiting live monitor
2025-12-04 22:08:47,390 INFO: OpenCV live loop ended
2025-12-04 22:08:56,544 INFO: live_monitor_resources (OpenCV) start poll_sec=1.0 max_points=300
2025-12-04 22:08:56,864 INFO: Finding anchors...
2025-12-04 22:08:56,935 INFO: Found anchors: {'gold': (14, 267), 'stone': (15, 305), 'wood': (14, 228), 'food': (14, 189), 'silver': (21, 78)}
2025-12-04 22:18:56,280 INFO: Quit key pressed - exiting live monitor
2025-12-04 22:18:56,280 INFO: OpenCV live loop ended
2025-12-04 22:20:24,713 INFO: live_monitor_resources (OpenCV) start poll_sec=1.0 max_points=300
2025-12-04 22:20:25,031 INFO: Finding anchors...
2025-12-04 22:20:25,106 INFO: Found anchors: {'food': (131, 4), 'silver': (341, 101)}
2025-12-04 22:32:01,545 INFO: live_monitor_resources (OpenCV) start poll_sec=1.0 max_points=300
2025-12-04 22:32:02,212 INFO: Finding anchors...
2025-12-04 22:32:02,310 INFO: Found anchors: {'gold': (14, 267), 'wood': (14, 228), 'stone': (15, 305), 'food': (14, 189), 'silver': (71, 47)}
2025-12-04 22:56:40,943 INFO: Quit key pressed - exiting live monitor
2025-12-04 22:56:40,945 INFO: OpenCV live loop ended
2025-12-04 22:56:41,762 INFO: Quit key pressed - exiting live monitor
2025-12-04 22:56:41,769 INFO: OpenCV live loop ended
2025-12-04 22:57:25,798 INFO: live_monitor_resources (OpenCV) start poll_sec=1.0 max_points=300
2025-12-04 22:57:26,942 INFO: Finding anchors...
2025-12-04 22:57:27,200 INFO: Found anchors: {}
2025-12-04 22:59:34,507 INFO: Quit key pressed - exiting live monitor
2025-12-04 22:59:34,508 INFO: OpenCV live loop ended
2025-12-04 22:59:40,711 INFO: live_monitor_resources (OpenCV) start poll_sec=1.0 max_points=300
2025-12-04 22:59:41,032 INFO: Finding anchors...
2025-12-04 22:59:41,105 INFO: Found anchors: {'gold': (14, 267), 'stone': (15, 305), 'food': (14, 189), 'wood': (14, 228), 'silver': (13, 28)}
2025-12-04 23:33:46,748 INFO: Quit key pressed - exiting live monitor
2025-12-04 23:33:46,751 INFO: OpenCV live loop ended
2025-12-05 10:28:43,034 INFO: live_monitor_resources (OpenCV) start poll_sec=1.0 max_points=300
2025-12-05 10:28:43,489 INFO: Finding anchors...
2025-12-05 10:28:43,587 INFO: Found anchors: {'silver': (69, 49)}
2025-12-05 10:28:43,590 INFO: Game Paused (No resources detected)
2025-12-05 10:28:55,748 INFO: Quit key pressed - exiting live monitor
2025-12-05 10:28:55,749 INFO: OpenCV live loop ended
2025-12-05 10:47:11,017 INFO: live_monitor_resources (OpenCV) start poll_sec=1.0 max_points=300
2025-12-05 10:47:11,550 INFO: Finding anchors...
2025-12-05 10:47:11,651 INFO: Found anchors: {'silver': (0, 284), 'food': (90, 92)}
2025-12-05 10:47:11,658 INFO: Game Paused (No resources detected)
2025-12-05 10:47:51,136 INFO: Game Resumed. Paused for 39.5s
2025-12-05 10:47:51,141 INFO: Starting alert sound: /Users/harrisonmcadams/Desktop/aoeMate/sounds/tone_11_soft_pulse.wav
2025-12-05 10:48:07,144 INFO: Stopping alert sound
2025-12-05 10:48:24,191 INFO: Starting alert sound: /Users/harrisonmcadams/Desktop/aoeMate/sounds/tone_11_soft_pulse.wav
2025-12-05 10:48:34,899 INFO: Stopping alert sound
2025-12-05 10:48:46,655 INFO: Starting alert sound: /Users/harrisonmcadams/Desktop/aoeMate/sounds/tone_11_soft_pulse.wav
2025-12-05 10:49:19,797 INFO: Stopping alert sound
2025-12-05 10:50:05,898 INFO: Starting alert sound: /Users/harrisonmcadams/Desktop/aoeMate/sounds/tone_11_soft_pulse.wav
2025-12-05 10:50:09,138 INFO: Stopping alert sound
2025-12-05 10:50:26,285 INFO: Starting alert sound: /Users/harrisonmcadams/Desktop/aoeMate/sounds/tone_11_soft_pulse.wav
2025-12-05 10:50:45,724 INFO: Stopping alert sound
2025-12-05 10:51:18,942 INFO: Starting alert sound: /Users/harrisonmcadams/Desktop/aoeMate/sounds/tone_11_soft_pulse.wav
2025-12-05 10:51:20,045 INFO: Stopping alert sound
2025-12-05 10:53:15,837 INFO: Starting alert sound: /Users/harrisonmcadams/Desktop/aoeMate/sounds/tone_11_soft_pulse.wav
2025-12-05 10:53:22,111 INFO: Quit key pressed - exiting live monitor
2025-12-05 10:53:22,112 INFO: OpenCV live loop ended
2025-12-05 10:53:22,112 INFO: Stopping alert sound
2025-12-05 11:02:38,838 INFO: live_monitor_resources (OpenCV) start poll_sec=1.0 max_points=300
2025-12-05 11:02:39,253 INFO: Finding anchors...
2025-12-05 11:02:39,398 INFO: Found anchors: {'silver': (13, 28), 'food': (14, 189), 'wood': (14, 228), 'gold': (14, 267), 'stone': (15, 305)}
2025-12-05 11:03:05,947 INFO: Starting alert sound: /Users/harrisonmcadams/Desktop/aoeMate/sounds/tone_11_soft_pulse.wav
2025-12-05 11:03:18,010 INFO: Stopping alert sound
2025-12-05 11:04:33,693 INFO: Starting alert sound: /Users/harrisonmcadams/Desktop/aoeMate/sounds/tone_11_soft_pulse.wav
2025-12-05 11:04:40,367 INFO: Quit key pressed - exiting live monitor
2025-12-05 11:04:40,367 INFO: OpenCV live loop ended
2025-12-05 11:04:40,367 INFO: Stopping alert sound
2025-12-05 11:05:30,172 INFO: live_monitor_resources (OpenCV) start poll_sec=1.0 max_points=300
2025-12-05 11:05:30,639 INFO: Finding anchors...
2025-12-05 11:05:30,750 INFO: Found anchors: {'food': (0, 125), 'silver': (1, 160)}
2025-12-05 11:05:30,759 INFO: Starting alert sound: /Users/harrisonmcadams/Desktop/aoeMate/sounds/tone_11_soft_pulse.wav
2025-12-05 11:05:45,872 INFO: Stopping alert sound
2025-12-05 11:06:01,904 INFO: Starting alert sound: /Users/harrisonmcadams/Desktop/aoeMate/sounds/tone_11_soft_pulse.wav
2025-12-05 11:06:11,550 INFO: Stopping alert sound
2025-12-05 11:06:11,825 INFO: Quit key pressed - exiting live monitor
2025-12-05 11:06:11,825 INFO: OpenCV live loop ended
2025-12-05 11:06:15,471 INFO: live_monitor_resources (OpenCV) start poll_sec=1.0 max_points=300
2025-12-05 11:06:15,829 INFO: Finding anchors...
2025-12-05 11:06:15,911 INFO: Found anchors: {'silver': (13, 28), 'food': (14, 189), 'wood': (14, 228), 'gold': (14, 267), 'stone': (15, 305)}
2025-12-05 11:07:18,364 INFO: Starting alert sound: /Users/harrisonmcadams/Desktop/aoeMate/sounds/tone_11_soft_pulse.wav
2025-12-05 11:07:20,620 INFO: Stopping alert sound
2025-12-05 11:11:39,782 INFO: Starting alert sound: /Users/harrisonmcadams/Desktop/aoeMate/sounds/tone_11_soft_pulse.wav
2025-12-05 11:11:43,177 INFO: Stopping alert sound
2025-12-05 11:13:25,390 INFO: Starting alert sound: /Users/harrisonmcadams/Desktop/aoeMate/sounds/tone_11_soft_pulse.wav
2025-12-05 11:13:27,641 INFO: Stopping alert sound
2025-12-05 11:14:36,530 INFO: Starting alert sound: /Users/harrisonmcadams/Desktop/aoeMate/sounds/tone_11_soft_pulse.wav
2025-12-05 11:14:38,783 INFO: Stopping alert sound
2025-12-05 11:14:55,545 INFO: Starting alert sound: /Users/harrisonmcadams/Desktop/aoeMate/sounds/tone_11_soft_pulse.wav
2025-12-05 11:15:43,340 INFO: Stopping alert sound
2025-12-05 11:17:26,621 INFO: Starting alert sound: /Users/harrisonmcadams/Desktop/aoeMate/sounds/tone_11_soft_pulse.wav
2025-12-05 11:17:27,755 INFO: Stopping alert sound
2025-12-05 11:21:51,907 INFO: Starting alert sound: /Users/harrisonmcadams/Desktop/aoeMate/sounds/tone_11_soft_pulse.wav
2025-12-05 11:21:55,287 INFO: Stopping alert sound
2025-12-05 11:22:17,498 INFO: Starting alert sound: /Users/harrisonmcadams/Desktop/aoeMate/sounds/tone_11_soft_pulse.wav
2025-12-05 11:22:18,654 INFO: Stopping alert sound
2025-12-05 11:24:38,798 INFO: Starting alert sound: /Users/harrisonmcadams/Desktop/aoeMate/sounds/tone_11_soft_pulse.wav
2025-12-05 11:25:03,373 INFO: Stopping alert sound
2025-12-05 11:26:20,998 INFO: Starting alert sound: /Users/harrisonmcadams/Desktop/aoeMate/sounds/tone_11_soft_pulse.wav
2025-12-05 11:26:24,410 INFO: Stopping alert sound
2025-12-05 11:26:57,754 INFO: Starting alert sound: /Users/harrisonmcadams/Desktop/aoeMate/sounds/tone_11_soft_pulse.wav
2025-12-05 11:27:01,098 INFO: Stopping alert sound
2025-12-05 11:28:07,800 INFO: Starting alert sound: /Users/harrisonmcadams/Desktop/aoeMate/sounds/tone_11_soft_pulse.wav
2025-12-05 11:28:10,056 INFO: Stopping alert sound
2025-12-05 11:28:43,409 INFO: Starting alert sound: /Users/harrisonmcadams/Desktop/aoeMate/sounds/tone_11_soft_pulse.wav
2025-12-05 11:28:46,770 INFO: Stopping alert sound
2025-12-05 11:29:53,400 INFO: Starting alert sound: /Users/harrisonmcadams/Desktop/aoeMate/sounds/tone_11_soft_pulse.wav
2025-12-05 11:29:55,642 INFO: Stopping alert sound
2025-12-05 11:32:01,371 INFO: Starting alert sound: /Users/harrisonmcadams/Desktop/aoeMate/sounds/tone_11_soft_pulse.wav
2025-12-05 11:32:03,616 INFO: Stopping alert sound
2025-12-05 11:32:23,776 INFO: Starting alert sound: /Users/harrisonmcadams/Desktop/aoeMate/sounds/tone_11_soft_pulse.wav
2025-12-05 11:32:24,922 INFO: Stopping alert sound
2025-12-05 11:34:58,490 INFO: Starting alert sound: /Users/harrisonmcadams/Desktop/aoeMate/sounds/tone_11_soft_pulse.wav
2025-12-05 11:35:01,880 INFO: Stopping alert sound
2025-12-05 11:35:44,283 INFO: Starting alert sound: /Users/harrisonmcadams/Desktop/aoeMate/sounds/tone_11_soft_pulse.wav
2025-12-05 11:35:45,414 INFO: Stopping alert sound
2025-12-05 11:35:58,741 INFO: Starting alert sound: /Users/harrisonmcadams/Desktop/aoeMate/sounds/tone_11_soft_pulse.wav
2025-12-05 11:36:03,219 INFO: Stopping alert sound
2025-12-05 11:37:26,615 INFO: Starting alert sound: /Users/harrisonmcadams/Desktop/aoeMate/sounds/tone_11_soft_pulse.wav
2025-12-05 11:37:33,328 INFO: Stopping alert sound
2025-12-05 11:37:49,976 INFO: Starting alert sound: /Users/harrisonmcadams/Desktop/aoeMate/sounds/tone_11_soft_pulse.wav
2025-12-05 11:38:52,357 INFO: Stopping alert sound
2025-12-05 11:38:54,589 INFO: Starting alert sound: /Users/harrisonmcadams/Desktop/aoeMate/sounds/tone_11_soft_pulse.wav
2025-12-05 11:38:55,731 INFO: Stopping alert sound
2025-12-05 11:39:52,474 INFO: Starting alert sound: /Users/harrisonmcadams/Desktop/aoeMate/sounds/tone_11_soft_pulse.wav
2025-12-05 11:39:53,612 INFO: Stopping alert sound
2025-12-05 11:40:19,382 INFO: Game Paused (No resources detected)
2025-12-05 11:40:32,682 INFO: Game Resumed. Paused for 13.3s
2025-12-05 11:40:32,685 INFO: Starting alert sound: /Users/harrisonmcadams/Desktop/aoeMate/sounds/tone_11_soft_pulse.wav
2025-12-05 11:40:33,805 INFO: Game Paused (No resources detected)
2025-12-05 11:40:33,806 INFO: Stopping alert sound
2025-12-05 11:41:35,803 INFO: Game Resumed. Paused for 62.0s
2025-12-05 11:41:35,807 INFO: Starting alert sound: /Users/harrisonmcadams/Desktop/aoeMate/sounds/tone_11_soft_pulse.wav
2025-12-05 11:41:36,969 INFO: Game Paused (No resources detected)
2025-12-05 11:41:36,970 INFO: Stopping alert sound
2025-12-05 11:41:39,267 INFO: Quit key pressed - exiting live monitor
2025-12-05 11:41:39,267 INFO: OpenCV live loop ended
2025-12-05 11:48:51,907 INFO: live_monitor_resources (OpenCV) start poll_sec=1.0 max_points=300
2025-12-05 11:48:52,869 INFO: Finding anchors...
2025-12-05 11:48:53,024 INFO: Found anchors: {'food': (39, 15)}
2025-12-05 11:48:53,037 INFO: Starting alert sound: /Users/harrisonmcadams/Desktop/aoeMate/sounds/tone_11_soft_pulse.wav
2025-12-05 11:49:02,881 INFO: Quit key pressed - exiting live monitor
2025-12-05 11:49:02,882 INFO: OpenCV live loop ended
2025-12-05 11:49:02,882 INFO: Stopping alert sound
2025-12-05 11:49:06,095 INFO: live_monitor_resources (OpenCV) start poll_sec=1.0 max_points=300
2025-12-05 11:49:06,392 INFO: Finding anchors...
2025-12-05 11:49:06,468 INFO: Found anchors: {'food': (0, 125), 'silver': (1, 160)}
2025-12-05 11:49:06,477 INFO: Starting alert sound: /Users/harrisonmcadams/Desktop/aoeMate/sounds/tone_11_soft_pulse.wav
2025-12-05 11:49:14,978 INFO: Quit key pressed - exiting live monitor
2025-12-05 11:49:14,979 INFO: OpenCV live loop ended
2025-12-05 11:49:14,979 INFO: Stopping alert sound
2025-12-05 11:54:31,340 INFO: live_monitor_resources (OpenCV) start poll_sec=1.0 max_points=300
2025-12-05 11:54:31,810 INFO: Finding anchors...
2025-12-05 11:54:31,937 INFO: Found anchors: {'silver': (13, 28), 'food': (14, 189), 'wood': (14, 228), 'gold': (14, 267), 'stone': (15, 305)}
2025-12-05 11:55:47,558 INFO: Starting alert sound: /Users/harrisonmcadams/Desktop/aoeMate/sounds/tone_11_soft_pulse.wav
2025-12-05 11:55:49,804 INFO: Stopping alert sound
2025-12-05 11:57:14,347 INFO: Starting alert sound: /Users/harrisonmcadams/Desktop/aoeMate/sounds/tone_11_soft_pulse.wav
2025-12-05 11:57:16,590 INFO: Stopping alert sound
2025-12-05 11:58:23,974 INFO: Starting alert sound: /Users/harrisonmcadams/Desktop/aoeMate/sounds/tone_11_soft_pulse.wav
2025-12-05 11:58:26,221 INFO: Stopping alert sound
2025-12-05 11:58:59,435 INFO: Starting alert sound: /Users/harrisonmcadams/Desktop/aoeMate/sounds/tone_11_soft_pulse.wav
2025-12-05 11:59:02,789 INFO: Stopping alert sound
2025-12-05 11:59:41,608 INFO: Starting alert sound: /Users/harrisonmcadams/Desktop/aoeMate/sounds/tone_11_soft_pulse.wav
2025-12-05 11:59:44,969 INFO: Stopping alert sound
2025-12-05 12:01:46,014 INFO: Starting alert sound: /Users/harrisonmcadams/Desktop/aoeMate/sounds/tone_11_soft_pulse.wav
2025-12-05 12:01:48,293 INFO: Stopping alert sound
2025-12-05 12:02:46,199 INFO: Starting alert sound: /Users/harrisonmcadams/Desktop/aoeMate/sounds/tone_11_soft_pulse.wav
2025-12-05 12:02:48,442 INFO: Stopping alert sound
2025-12-05 12:02:49,577 INFO: Starting alert sound: /Users/harrisonmcadams/Desktop/aoeMate/sounds/tone_11_soft_pulse.wav
2025-12-05 12:02:50,710 INFO: Stopping alert sound
2025-12-05 12:03:56,209 INFO: Starting alert sound: /Users/harrisonmcadams/Desktop/aoeMate/sounds/tone_11_soft_pulse.wav
2025-12-05 12:03:59,546 INFO: Stopping alert sound
2025-12-05 12:04:55,092 INFO: Starting alert sound: /Users/harrisonmcadams/Desktop/aoeMate/sounds/tone_11_soft_pulse.wav
2025-12-05 12:04:56,237 INFO: Stopping alert sound
2025-12-05 12:04:59,607 INFO: Starting alert sound: /Users/harrisonmcadams/Desktop/aoeMate/sounds/tone_11_soft_pulse.wav
2025-12-05 12:05:01,870 INFO: Stopping alert sound
2025-12-05 12:05:39,674 INFO: Starting alert sound: /Users/harrisonmcadams/Desktop/aoeMate/sounds/tone_11_soft_pulse.wav
2025-12-05 12:05:51,979 INFO: Stopping alert sound
2025-12-05 12:05:58,668 INFO: Starting alert sound: /Users/harrisonmcadams/Desktop/aoeMate/sounds/tone_11_soft_pulse.wav
2025-12-05 12:05:59,814 INFO: Stopping alert sound
2025-12-05 12:06:24,270 INFO: Starting alert sound: /Users/harrisonmcadams/Desktop/aoeMate/sounds/tone_11_soft_pulse.wav
2025-12-05 12:06:25,398 INFO: Stopping alert sound
2025-12-05 12:08:05,476 INFO: Starting alert sound: /Users/harrisonmcadams/Desktop/aoeMate/sounds/tone_11_soft_pulse.wav
2025-12-05 12:08:07,725 INFO: Stopping alert sound
2025-12-05 12:08:58,895 INFO: Starting alert sound: /Users/harrisonmcadams/Desktop/aoeMate/sounds/tone_11_soft_pulse.wav
2025-12-05 12:09:01,187 INFO: Stopping alert sound
2025-12-05 12:09:52,298 INFO: Starting alert sound: /Users/harrisonmcadams/Desktop/aoeMate/sounds/tone_11_soft_pulse.wav
2025-12-05 12:09:54,545 INFO: Stopping alert sound
2025-12-05 12:10:44,600 INFO: Starting alert sound: /Users/harrisonmcadams/Desktop/aoeMate/sounds/tone_11_soft_pulse.wav
2025-12-05 12:17:13,019 INFO: Stopping alert sound
2025-12-05 12:19:11,961 INFO: Starting alert sound: /Users/harrisonmcadams/Desktop/aoeMate/sounds/tone_11_soft_pulse.wav
2025-12-05 12:19:40,928 INFO: Stopping alert sound
2025-12-05 12:21:21,977 INFO: Starting alert sound: /Users/harrisonmcadams/Desktop/aoeMate/sounds/tone_11_soft_pulse.wav
2025-12-05 12:23:24,299 INFO: Stopping alert sound
2025-12-05 12:25:05,589 INFO: Starting alert sound: /Users/harrisonmcadams/Desktop/aoeMate/sounds/tone_11_soft_pulse.wav
2025-12-05 12:38:33,528 INFO: Game Paused (No resources detected)
2025-12-05 12:38:33,530 INFO: Stopping alert sound
2025-12-05 12:38:34,649 INFO: Game Resumed. Paused for 1.1s
2025-12-05 12:38:34,652 INFO: Starting alert sound: /Users/harrisonmcadams/Desktop/aoeMate/sounds/tone_11_soft_pulse.wav
2025-12-05 12:38:38,648 INFO: Quit key pressed - exiting live monitor
2025-12-05 12:38:38,649 INFO: OpenCV live loop ended
2025-12-05 12:38:38,649 INFO: Stopping alert sound
2025-12-30 10:22:25,114 INFO: Finding anchors...
2025-12-30 10:22:25,143 INFO: Found anchors: {}
2025-12-30 10:23:08,763 INFO: Finding anchors...
2025-12-30 10:23:08,793 INFO: Found anchors: {'food': (12, 265), 'gold': (10, 310)}
2025-12-30 10:29:58,386 INFO: Finding anchors...
2025-12-30 10:29:58,419 INFO: Found anchors: {'food': (12, 265), 'gold': (10, 310)}
2025-12-30 10:32:35,662 INFO: Finding anchors...
2025-12-30 10:32:35,693 INFO: Found anchors: {'wood': (17, 203), 'food': (16, 270), 'gold': (16, 359), 'stone': (16, 404), 'silver': (15, 445)}
2025-12-30 10:33:23,964 INFO: Finding anchors...
2025-12-30 10:33:23,996 INFO: Found anchors: {'wood': (17, 203), 'food': (16, 270), 'gold': (16, 359), 'stone': (16, 404), 'silver': (15, 445)}
2025-12-30 10:38:25,086 INFO: Finding anchors...
2025-12-30 10:38:25,121 INFO: Found anchors: {'wood': (17, 203), 'food': (16, 270), 'gold': (16, 359), 'stone': (16, 404), 'silver': (15, 445)}
2025-12-30 10:39:18,884 INFO: Finding anchors...
2025-12-30 10:39:18,917 INFO: Found anchors: {'food': (16, 270), 'wood': (16, 314), 'gold': (16, 359), 'stone': (16, 404), 'silver': (15, 445)}
2025-12-30 10:41:10,999 INFO: Finding anchors...
2025-12-30 10:41:11,031 INFO: Found anchors: {'food': (16, 270), 'wood': (16, 314), 'gold': (16, 359), 'stone': (16, 404), 'silver': (15, 445)}
2025-12-30 10:42:17,108 INFO: Finding anchors...
2025-12-30 10:42:17,142 INFO: Found anchors: {'food': (16, 270), 'wood': (16, 314), 'gold': (16, 359), 'stone': (16, 404), 'silver': (15, 445)}
2025-12-30 10:42:17,143 INFO: [food_res] Result: '789' from matches: [('7', np.int64(15), 8), ('8', np.int64(25), 8), ('9', np.int64(34), 9)]
2025-12-30 10:42:17,144 INFO: [food_vill] Result: '10' from matches: [('1', np.int64(11), 7), ('0', np.int64(35), 8)]
2025-12-30 10:42:17,145 INFO: [wood_res] Result: '404' from matches: [('4', np.int64(21), 10), ('0', np.int64(32), 8), ('4', np.int64(41), 10)]
2025-12-30 10:42:17,146 INFO: [wood_vill] Result: '10' from matches: [('1', np.int64(18), 7), ('0', np.int64(42), 8)]
2025-12-30 10:42:17,147 INFO: [gold_res] Result: '176' from matches: [('1', np.int64(14), 7), ('7', np.int64(24), 8), ('6', np.int64(33), 9)]
2025-12-30 10:42:17,147 INFO: [gold_vill] Result: '10' from matches: [('1', np.int64(10), 7), ('0', np.int64(34), 8)]
2025-12-30 10:42:17,148 INFO: [stone_res] Result: '0' from matches: [('0', np.int64(16), 8)]
2025-12-30 10:42:17,149 INFO: [stone_vill] Result: '10' from matches: [('1', np.int64(12), 7), ('0', np.int64(36), 8)]
2025-12-30 10:42:17,149 INFO: [silver_res] Result: '130' from matches: [('1', np.int64(15), 7), ('3', np.int64(25), 8), ('0', np.int64(35), 8)]
2025-12-30 10:42:17,149 INFO: [food_res] Result: '789' from matches: [('7', np.int64(15), 8), ('8', np.int64(25), 8), ('9', np.int64(34), 9)]
2025-12-30 10:42:17,151 INFO: [food_vill] Result: '10' from matches: [('1', np.int64(11), 7), ('0', np.int64(35), 8)]
2025-12-30 10:42:17,151 INFO: [wood_res] Result: '404' from matches: [('4', np.int64(21), 10), ('0', np.int64(32), 8), ('4', np.int64(41), 10)]
2025-12-30 10:42:17,152 INFO: [wood_vill] Result: '10' from matches: [('1', np.int64(18), 7), ('0', np.int64(42), 8)]
2025-12-30 10:42:17,152 INFO: [stone_res] Result: '0' from matches: [('0', np.int64(16), 8)]
2025-12-30 10:42:17,153 INFO: [stone_vill] Result: '10' from matches: [('1', np.int64(12), 7), ('0', np.int64(36), 8)]
2025-12-30 10:42:35,071 INFO: Finding anchors...
2025-12-30 10:42:35,101 INFO: Found anchors: {'food': (16, 270), 'wood': (16, 314), 'gold': (16, 359), 'stone': (16, 404), 'silver': (15, 445)}
2025-12-30 10:42:35,102 INFO: [food_res] Result: '789' from matches: [('7', np.int64(15), 8), ('8', np.int64(25), 8), ('9', np.int64(34), 9)]
2025-12-30 10:42:35,103 INFO: [food_vill] Result: '10' from matches: [('1', np.int64(11), 7), ('0', np.int64(35), 8)]
2025-12-30 10:42:35,104 INFO: [wood_res] Result: '404' from matches: [('4', np.int64(21), 10), ('0', np.int64(32), 8), ('4', np.int64(41), 10)]
2025-12-30 10:42:35,105 INFO: [wood_vill] Result: '10' from matches: [('1', np.int64(18), 7), ('0', np.int64(42), 8)]
2025-12-30 10:42:35,106 INFO: [gold_res] Result: '176' from matches: [('1', np.int64(14), 7), ('7', np.int64(24), 8), ('6', np.int64(33), 9)]
2025-12-30 10:42:35,106 INFO: [gold_vill] Result: '10' from matches: [('1', np.int64(10), 7), ('0', np.int64(34), 8)]
2025-12-30 10:42:35,107 INFO: [stone_res] Result: '0' from matches: [('0', np.int64(16), 8)]
2025-12-30 10:42:35,107 INFO: [stone_vill] Result: '10' from matches: [('1', np.int64(12), 7), ('0', np.int64(36), 8)]
2025-12-30 10:42:35,108 INFO: [silver_res] Result: '130' from matches: [('1', np.int64(15), 7), ('3', np.int64(25), 8), ('0', np.int64(35), 8)]
2025-12-30 10:42:35,109 INFO: [food_res] Result: '789' from matches: [('7', np.int64(15), 8), ('8', np.int64(25), 8), ('9', np.int64(34), 9)]
2025-12-30 10:42:35,110 INFO: [food_vill] Result: '10' from matches: [('1', np.int64(11), 7), ('0', np.int64(35), 8)]
2025-12-30 10:42:35,111 INFO: [wood_res] Result: '404' from matches: [('4', np.int64(21), 10), ('0', np.int64(32), 8), ('4', np.int64(41), 10)]
2025-12-30 10:42:35,111 INFO: [wood_vill] Result: '10' from matches: [('1', np.int64(18), 7), ('0', np.int64(42), 8)]
2025-12-30 10:42:35,112 INFO: [stone_res] Result: '0' from matches: [('0', np.int64(16), 8)]
2025-12-30 10:42:35,112 INFO: [stone_vill] Result: '10' from matches: [('1', np.int64(12), 7), ('0', np.int64(36), 8)]
2025-12-30 10:45:31,723 INFO: Finding anchors...
2025-12-30 10:45:31,753 INFO: Found anchors: {'food': (16, 270), 'wood': (16, 314), 'gold': (16, 359), 'stone': (16, 404), 'silver': (15, 445)}
2025-12-30 10:45:31,755 INFO: [food] Searching for separator in x=[166, 286] y=[260, 289]
2025-12-30 10:45:31,755 INFO: Lazy loaded villager_separator.png
2025-12-30 10:45:31,755 INFO: [food] Separator NOT found (threshold=0.5)
2025-12-30 10:45:31,755 INFO: [food_res] Result: '789' from matches: [('7', np.int64(15), 8), ('8', np.int64(25), 8), ('9', np.int64(34), 9)]
2025-12-30 10:45:31,756 INFO: [food_vill] Result: '10' from matches: [('1', np.int64(11), 7), ('0', np.int64(35), 8)]
2025-12-30 10:45:31,756 INFO: [wood] Searching for separator in x=[166, 286] y=[304, 335]
2025-12-30 10:45:31,757 INFO: [wood] Separator NOT found (threshold=0.5)
2025-12-30 10:45:31,757 INFO: [wood_res] Result: '404' from matches: [('4', np.int64(21), 10), ('0', np.int64(32), 8), ('4', np.int64(41), 10)]
2025-12-30 10:45:31,757 INFO: [wood_vill] Result: '10' from matches: [('1', np.int64(18), 7), ('0', np.int64(42), 8)]
2025-12-30 10:45:31,758 INFO: [gold] Searching for separator in x=[166, 286] y=[349, 380]
2025-12-30 10:45:31,758 INFO: [gold] Separator NOT found (threshold=0.5)
2025-12-30 10:45:31,758 INFO: [gold_res] Result: '176' from matches: [('1', np.int64(14), 7), ('7', np.int64(24), 8), ('6', np.int64(33), 9)]
2025-12-30 10:45:31,759 INFO: [gold_vill] Result: '10' from matches: [('1', np.int64(10), 7), ('0', np.int64(34), 8)]
2025-12-30 10:45:31,759 INFO: [stone] Searching for separator in x=[166, 286] y=[394, 425]
2025-12-30 10:45:31,759 INFO: [stone] Separator NOT found (threshold=0.5)
2025-12-30 10:45:31,760 INFO: [stone_res] Result: '0' from matches: [('0', np.int64(16), 8)]
2025-12-30 10:45:31,760 INFO: [stone_vill] Result: '10' from matches: [('1', np.int64(12), 7), ('0', np.int64(36), 8)]
2025-12-30 10:45:31,760 INFO: [silver] Searching for separator in x=[165, 285] y=[435, 467]
2025-12-30 10:45:31,761 INFO: [silver] Separator NOT found (threshold=0.5)
2025-12-30 10:45:31,761 INFO: [silver_res] Result: '130' from matches: [('1', np.int64(15), 7), ('3', np.int64(25), 8), ('0', np.int64(35), 8)]
2025-12-30 10:45:31,762 INFO: [food] Searching for separator in x=[166, 286] y=[260, 289]
2025-12-30 10:45:31,762 INFO: [food] Separator NOT found (threshold=0.5)
2025-12-30 10:45:31,762 INFO: [food_res] Result: '789' from matches: [('7', np.int64(15), 8), ('8', np.int64(25), 8), ('9', np.int64(34), 9)]
2025-12-30 10:45:31,763 INFO: [food_vill] Result: '10' from matches: [('1', np.int64(11), 7), ('0', np.int64(35), 8)]
2025-12-30 10:45:31,763 INFO: [wood] Searching for separator in x=[166, 286] y=[304, 335]
2025-12-30 10:45:31,764 INFO: [wood] Separator NOT found (threshold=0.5)
2025-12-30 10:45:31,764 INFO: [wood_res] Result: '404' from matches: [('4', np.int64(21), 10), ('0', np.int64(32), 8), ('4', np.int64(41), 10)]
2025-12-30 10:45:31,765 INFO: [wood_vill] Result: '10' from matches: [('1', np.int64(18), 7), ('0', np.int64(42), 8)]
2025-12-30 10:45:31,765 INFO: [stone] Searching for separator in x=[166, 286] y=[394, 425]
2025-12-30 10:45:31,765 INFO: [stone] Separator NOT found (threshold=0.5)
2025-12-30 10:45:31,765 INFO: [stone_res] Result: '0' from matches: [('0', np.int64(16), 8)]
2025-12-30 10:45:31,766 INFO: [stone_vill] Result: '10' from matches: [('1', np.int64(12), 7), ('0', np.int64(36), 8)]
2025-12-30 10:46:47,554 INFO: Finding anchors...
2025-12-30 10:46:47,587 INFO: Found anchors: {'food': (16, 270), 'wood': (16, 314), 'gold': (16, 359), 'stone': (16, 404), 'silver': (15, 445)}
2025-12-30 10:46:47,589 INFO: [food] Sep NOT found
2025-12-30 10:46:47,590 INFO: [food_res] Result: '789' from matches: [('7', np.int64(15), 8), ('8', np.int64(25), 8), ('9', np.int64(34), 9)]
2025-12-30 10:46:47,591 INFO: [food_vill] Result: '10' from matches: [('1', np.int64(11), 7), ('0', np.int64(35), 8)]
2025-12-30 10:46:47,591 INFO: [wood] Sep NOT found
2025-12-30 10:46:47,592 INFO: [wood_res] Result: '404' from matches: [('4', np.int64(21), 10), ('0', np.int64(32), 8), ('4', np.int64(41), 10)]
2025-12-30 10:46:47,593 INFO: [wood_vill] Result: '10' from matches: [('1', np.int64(18), 7), ('0', np.int64(42), 8)]
2025-12-30 10:46:47,593 INFO: [gold] Sep NOT found
2025-12-30 10:46:47,594 INFO: [gold_res] Result: '176' from matches: [('1', np.int64(14), 7), ('7', np.int64(24), 8), ('6', np.int64(33), 9)]
2025-12-30 10:46:47,594 INFO: [gold_vill] Result: '10' from matches: [('1', np.int64(10), 7), ('0', np.int64(34), 8)]
2025-12-30 10:46:47,595 INFO: [stone] Sep NOT found
2025-12-30 10:46:47,595 INFO: [stone_res] Result: '0' from matches: [('0', np.int64(16), 8)]
2025-12-30 10:46:47,596 INFO: [stone_vill] Result: '10' from matches: [('1', np.int64(12), 7), ('0', np.int64(36), 8)]
2025-12-30 10:46:47,597 INFO: [silver] Sep NOT found
2025-12-30 10:46:47,597 INFO: [silver_res] Result: '130' from matches: [('1', np.int64(15), 7), ('3', np.int64(25), 8), ('0', np.int64(35), 8)]
2025-12-30 10:46:47,598 INFO: [food] Sep NOT found
2025-12-30 10:46:47,599 INFO: [food_res] Result: '789' from matches: [('7', np.int64(15), 8), ('8', np.int64(25), 8), ('9', np.int64(34), 9)]
2025-12-30 10:46:47,599 INFO: [food_vill] Result: '10' from matches: [('1', np.int64(11), 7), ('0', np.int64(35), 8)]
2025-12-30 10:46:47,600 INFO: [wood] Sep NOT found
2025-12-30 10:46:47,600 INFO: [wood_res] Result: '404' from matches: [('4', np.int64(21), 10), ('0', np.int64(32), 8), ('4', np.int64(41), 10)]
2025-12-30 10:46:47,601 INFO: [wood_vill] Result: '10' from matches: [('1', np.int64(18), 7), ('0', np.int64(42), 8)]
2025-12-30 10:46:47,602 INFO: [stone] Sep NOT found
2025-12-30 10:46:47,602 INFO: [stone_res] Result: '0' from matches: [('0', np.int64(16), 8)]
2025-12-30 10:46:47,603 INFO: [stone_vill] Result: '10' from matches: [('1', np.int64(12), 7), ('0', np.int64(36), 8)]
2025-12-30 10:50:54,248 INFO: Finding anchors...
2025-12-30 10:50:54,279 INFO: Found anchors: {'food': (16, 270), 'wood': (16, 314), 'gold': (16, 359), 'stone': (16, 404), 'silver': (15, 445)}
2025-12-30 10:51:13,394 INFO: Finding anchors...
2025-12-30 10:51:13,424 INFO: Found anchors: {'food': (16, 270), 'wood': (16, 314), 'gold': (16, 359), 'stone': (16, 404), 'silver': (15, 445)}
2025-12-30 10:51:13,431 INFO: [food] Separator MATCH: x=31 score=0.7706
2025-12-30 10:51:13,432 INFO: [food_res] Result: '789' from matches: [('7', np.int64(15), 8), ('8', np.int64(25), 8), ('9', np.int64(34), 9)]
2025-12-30 10:51:13,433 INFO: [food_vill] Result: '1' from matches: [('1', np.int64(36), 7)]
2025-12-30 10:51:13,433 INFO: [wood] Separator MATCH: x=31 score=0.7501
2025-12-30 10:51:13,433 INFO: [wood_res] Result: '404' from matches: [('4', np.int64(21), 10), ('0', np.int64(32), 8), ('4', np.int64(41), 10)]
2025-12-30 10:51:13,434 INFO: [wood_vill] Result: '1' from matches: [('1', np.int64(36), 7)]
2025-12-30 10:51:13,434 INFO: [gold] Separator MATCH: x=31 score=0.7588
2025-12-30 10:51:13,435 INFO: [gold_res] Result: '176' from matches: [('1', np.int64(14), 7), ('7', np.int64(24), 8), ('6', np.int64(33), 9)]
2025-12-30 10:51:13,435 INFO: [gold_vill] Result: '1' from matches: [('1', np.int64(36), 7)]
2025-12-30 10:51:13,436 INFO: [stone] Separator MATCH: x=31 score=0.7643
2025-12-30 10:51:13,436 INFO: [stone_res] Result: '0' from matches: [('0', np.int64(16), 8)]
2025-12-30 10:51:13,437 INFO: [stone_vill] Result: '1' from matches: [('1', np.int64(35), 7)]
2025-12-30 10:51:13,437 INFO: [silver] Sep NOT found
2025-12-30 10:51:13,438 INFO: [silver_res] Result: '130' from matches: [('1', np.int64(15), 7), ('3', np.int64(25), 8), ('0', np.int64(35), 8)]
2025-12-30 10:51:13,438 INFO: [food] Separator MATCH: x=31 score=0.7706
2025-12-30 10:51:13,439 INFO: [food_res] Result: '789' from matches: [('7', np.int64(15), 8), ('8', np.int64(25), 8), ('9', np.int64(34), 9)]
2025-12-30 10:51:13,439 INFO: [food_vill] Result: '1' from matches: [('1', np.int64(36), 7)]
2025-12-30 10:51:13,440 INFO: [wood] Separator MATCH: x=31 score=0.7501
2025-12-30 10:51:13,441 INFO: [wood_res] Result: '404' from matches: [('4', np.int64(21), 10), ('0', np.int64(32), 8), ('4', np.int64(41), 10)]
2025-12-30 10:51:13,441 INFO: [wood_vill] Result: '1' from matches: [('1', np.int64(36), 7)]
2025-12-30 10:51:13,442 INFO: [stone] Separator MATCH: x=31 score=0.7643
2025-12-30 10:51:13,442 INFO: [stone_res] Result: '0' from matches: [('0', np.int64(16), 8)]
2025-12-30 10:51:13,443 INFO: [stone_vill] Result: '1' from matches: [('1', np.int64(35), 7)]
2025-12-30 10:52:57,388 INFO: Finding anchors...
2025-12-30 10:52:57,420 INFO: Found anchors: {'food': (16, 270), 'wood': (16, 314), 'gold': (16, 359), 'stone': (16, 404), 'silver': (15, 445)}
2025-12-30 10:52:57,423 INFO: [food] Separator MATCH: x=31 score=0.7706
2025-12-30 10:52:57,423 INFO: [food_res] Result: '789' from matches: [('7', np.int64(15), 8), ('8', np.int64(25), 8), ('9', np.int64(34), 9)]
2025-12-30 10:52:57,424 INFO: [food_vill] Result: '0' from matches: [('0', np.int64(5), 8)]
2025-12-30 10:52:57,425 INFO: [wood] Separator MATCH: x=31 score=0.7501
2025-12-30 10:52:57,426 INFO: [wood_res] Result: '404' from matches: [('4', np.int64(21), 10), ('0', np.int64(32), 8), ('4', np.int64(41), 10)]
2025-12-30 10:52:57,426 INFO: [wood_vill] Result: '0' from matches: [('0', np.int64(5), 8)]
2025-12-30 10:52:57,427 INFO: [gold] Separator MATCH: x=31 score=0.7588
2025-12-30 10:52:57,427 INFO: [gold_res] Result: '176' from matches: [('1', np.int64(14), 7), ('7', np.int64(24), 8), ('6', np.int64(33), 9)]
2025-12-30 10:52:57,428 INFO: [gold_vill] Result: '0' from matches: [('0', np.int64(5), 8)]
2025-12-30 10:52:57,428 INFO: [stone] Separator MATCH: x=31 score=0.7643
2025-12-30 10:52:57,428 INFO: [stone_res] Result: '0' from matches: [('0', np.int64(16), 8)]
2025-12-30 10:52:57,429 INFO: [stone_vill] Result: '0' from matches: [('0', np.int64(5), 8)]
2025-12-30 10:52:57,429 INFO: [silver] Sep NOT found
2025-12-30 10:52:57,430 INFO: [silver_res] Result: '130' from matches: [('1', np.int64(15), 7), ('3', np.int64(25), 8), ('0', np.int64(35), 8)]
2025-12-30 10:52:57,430 INFO: [food] Separator MATCH: x=31 score=0.7706
2025-12-30 10:52:57,430 INFO: [food_res] Result: '789' from matches: [('7', np.int64(15), 8), ('8', np.int64(25), 8), ('9', np.int64(34), 9)]
2025-12-30 10:52:57,431 INFO: [food_vill] Result: '0' from matches: [('0', np.int64(5), 8)]
2025-12-30 10:52:57,432 INFO: [wood] Separator MATCH: x=31 score=0.7501
2025-12-30 10:52:57,432 INFO: [wood_res] Result: '404' from matches: [('4', np.int64(21), 10), ('0', np.int64(32), 8), ('4', np.int64(41), 10)]
2025-12-30 10:52:57,433 INFO: [wood_vill] Result: '0' from matches: [('0', np.int64(5), 8)]
2025-12-30 10:52:57,433 INFO: [stone] Separator MATCH: x=31 score=0.7643
2025-12-30 10:52:57,433 INFO: [stone_res] Result: '0' from matches: [('0', np.int64(16), 8)]
2025-12-30 10:52:57,434 INFO: [stone_vill] Result: '0' from matches: [('0', np.int64(5), 8)]
2025-12-30 10:55:50,765 INFO: Finding anchors...
2025-12-30 10:55:50,796 INFO: Found anchors: {'food': (16, 270), 'wood': (16, 314), 'gold': (16, 359), 'stone': (16, 404), 'silver': (15, 445)}
2025-12-30 10:55:50,798 INFO: [food_res] Result: '789' from matches: [('7', np.int64(15), 8), ('8', np.int64(25), 8), ('9', np.int64(34), 9)]
2025-12-30 10:55:50,799 INFO: [food_vill] Result: '0' from matches: [('0', np.int64(5), 8)]
2025-12-30 10:55:50,800 INFO: [wood_res] Result: '404' from matches: [('4', np.int64(21), 10), ('0', np.int64(32), 8), ('4', np.int64(41), 10)]
2025-12-30 10:55:50,800 INFO: [wood_vill] Result: '0' from matches: [('0', np.int64(5), 8)]
2025-12-30 10:55:50,802 INFO: [gold_res] Result: '176' from matches: [('1', np.int64(14), 7), ('7', np.int64(24), 8), ('6', np.int64(33), 9)]
2025-12-30 10:55:50,802 INFO: [gold_vill] Result: '0' from matches: [('0', np.int64(5), 8)]
2025-12-30 10:55:50,803 INFO: [stone_res] Result: '0' from matches: [('0', np.int64(16), 8)]
2025-12-30 10:55:50,804 INFO: [stone_vill] Result: '0' from matches: [('0', np.int64(5), 8)]
2025-12-30 10:55:50,804 INFO: [silver_res] Result: '130' from matches: [('1', np.int64(15), 7), ('3', np.int64(25), 8), ('0', np.int64(35), 8)]
2025-12-30 10:55:50,805 INFO: [food_res] Result: '789' from matches: [('7', np.int64(15), 8), ('8', np.int64(25), 8), ('9', np.int64(34), 9)]
2025-12-30 10:55:50,806 INFO: [food_vill] Result: '0' from matches: [('0', np.int64(5), 8)]
2025-12-30 10:55:50,807 INFO: [wood_res] Result: '404' from matches: [('4', np.int64(21), 10), ('0', np.int64(32), 8), ('4', np.int64(41), 10)]
2025-12-30 10:55:50,810 INFO: [wood_vill] Result: '0' from matches: [('0', np.int64(5), 8)]
2025-12-30 10:55:50,811 INFO: [stone_res] Result: '0' from matches: [('0', np.int64(16), 8)]
2025-12-30 10:55:50,811 INFO: [stone_vill] Result: '0' from matches: [('0', np.int64(5), 8)]
2025-12-30 10:56:58,082 INFO: live_monitor_resources (OpenCV) start poll_sec=1.0 max_points=300
2025-12-30 10:56:58,199 INFO: Finding anchors...
2025-12-30 10:56:58,229 INFO: Found anchors: {'food': (16, 270), 'wood': (16, 314), 'gold': (16, 359), 'stone': (16, 404)}
2025-12-30 10:56:58,233 INFO: Starting alert sound: C:\Users\harri\Desktop\aoeMate\sounds\tone_11_soft_pulse.wav
2025-12-30 10:56:58,234 ERROR: Error in OpenCV live loop; exiting
Traceback (most recent call last):
  File "C:\Users\harri\Desktop\aoeMate\main.py", line 1396, in live_monitor_resources
    alert_sound.start()
  File "C:\Users\harri\Desktop\aoeMate\main.py", line 409, in start
    self.process = subprocess.Popen(cmd, shell=True, preexec_fn=os.setsid)
                                                                ^^^^^^^^^
AttributeError: module 'os' has no attribute 'setsid'. Did you mean: 'getpid'?
2025-12-30 10:56:58,235 INFO: OpenCV live loop ended
2025-12-30 10:57:43,705 INFO: live_monitor_resources (OpenCV) start poll_sec=1.0 max_points=300
2025-12-30 10:57:43,784 INFO: Finding anchors...
2025-12-30 10:57:43,814 INFO: Found anchors: {'food': (16, 270), 'wood': (16, 314), 'gold': (16, 359), 'stone': (16, 404)}
2025-12-30 10:57:43,819 INFO: Starting alert sound: C:\Users\harri\Desktop\aoeMate\sounds\tone_11_soft_pulse.wav
2025-12-30 10:58:17,052 INFO: Game Paused (No resources detected)
2025-12-30 10:58:17,052 INFO: Stopping alert sound
2025-12-30 10:58:20,270 INFO: Game Resumed. Paused for 3.2s
2025-12-30 10:58:20,270 INFO: Starting alert sound: C:\Users\harri\Desktop\aoeMate\sounds\tone_11_soft_pulse.wav
2025-12-30 10:58:25,851 INFO: Quit key pressed - exiting live monitor
2025-12-30 10:58:25,851 INFO: OpenCV live loop ended
2025-12-30 10:58:25,851 INFO: Stopping alert sound
2025-12-30 11:04:17,916 INFO: live_monitor_resources (OpenCV) start poll_sec=1.0 max_points=300
2025-12-30 11:04:18,026 INFO: Finding anchors...
2025-12-30 11:04:18,060 INFO: Found anchors: {'food': (16, 270), 'wood': (16, 314), 'gold': (16, 359), 'stone': (16, 404), 'silver': (15, 445)}
2025-12-30 11:04:18,066 INFO: Starting alert sound: c:\Users\harri\Desktop\aoeMate\sounds\tone_11_soft_pulse.wav
2025-12-30 11:04:27,377 INFO: Game Paused (No resources detected)
2025-12-30 11:04:27,377 INFO: Stopping alert sound
2025-12-30 11:04:28,492 INFO: Game Resumed. Paused for 1.1s
2025-12-30 11:04:28,494 INFO: Starting alert sound: c:\Users\harri\Desktop\aoeMate\sounds\tone_11_soft_pulse.wav
2025-12-30 11:04:28,532 INFO: Quit key pressed - exiting live monitor
2025-12-30 11:04:28,532 INFO: OpenCV live loop ended
2025-12-30 11:04:28,532 INFO: Stopping alert sound
2025-12-30 11:06:02,317 INFO: live_monitor_resources (OpenCV) start poll_sec=1.0 max_points=300
2025-12-30 11:06:02,411 INFO: Finding anchors...
2025-12-30 11:06:02,440 INFO: Found anchors: {'food': (16, 270), 'wood': (16, 314), 'gold': (16, 359), 'stone': (16, 404), 'silver': (15, 445)}
2025-12-30 11:06:02,447 INFO: Villager Queue Score: 0.5074 (Status: True)
2025-12-30 11:06:02,478 INFO: Villager Queue Score: 0.5074 (Status: True)
2025-12-30 11:06:02,512 INFO: Villager Queue Score: 0.5074 (Status: True)
2025-12-30 11:06:02,595 INFO: Villager Queue Score: 0.5075 (Status: True)
2025-12-30 11:06:02,660 INFO: Villager Queue Score: 0.5074 (Status: True)
2025-12-30 11:06:03,695 INFO: Villager Queue Score: 0.5074 (Status: True)
2025-12-30 11:06:04,728 INFO: Villager Queue Score: 0.5074 (Status: True)
2025-12-30 11:06:05,761 INFO: Villager Queue Score: 0.5077 (Status: True)
2025-12-30 11:06:06,794 INFO: Villager Queue Score: 0.5789 (Status: True)
2025-12-30 11:06:07,827 INFO: Villager Queue Score: 0.5107 (Status: True)
2025-12-30 11:06:08,861 INFO: Villager Queue Score: 0.5082 (Status: True)
2025-12-30 11:06:09,895 INFO: Villager Queue Score: 0.5074 (Status: True)
2025-12-30 11:06:10,928 INFO: Villager Queue Score: 0.5075 (Status: True)
2025-12-30 11:06:11,961 INFO: Villager Queue Score: 0.5074 (Status: True)
2025-12-30 11:06:12,995 INFO: Villager Queue Score: 0.5075 (Status: True)
2025-12-30 11:06:14,047 INFO: Villager Queue Score: 0.5072 (Status: True)
2025-12-30 11:06:15,078 INFO: Villager Queue Score: 0.5074 (Status: True)
2025-12-30 11:06:16,112 INFO: Game Paused (No resources detected)
2025-12-30 11:06:17,144 INFO: Game Resumed. Paused for 1.0s
2025-12-30 11:06:17,147 INFO: Villager Queue Score: 0.5074 (Status: True)
2025-12-30 11:06:18,179 INFO: Villager Queue Score: 0.5074 (Status: True)
2025-12-30 11:06:19,213 INFO: Villager Queue Score: 0.5075 (Status: True)
2025-12-30 11:06:20,245 INFO: Villager Queue Score: 0.5074 (Status: True)
2025-12-30 11:06:21,278 INFO: Villager Queue Score: 0.5074 (Status: True)
2025-12-30 11:06:22,313 INFO: Villager Queue Score: 0.5075 (Status: True)
2025-12-30 11:06:23,346 INFO: Villager Queue Score: 0.5075 (Status: True)
2025-12-30 11:06:24,379 INFO: Villager Queue Score: 0.5074 (Status: True)
2025-12-30 11:06:25,412 INFO: Villager Queue Score: 0.5077 (Status: True)
2025-12-30 11:06:26,445 INFO: Villager Queue Score: 0.5075 (Status: True)
2025-12-30 11:06:27,479 INFO: Villager Queue Score: 0.5074 (Status: True)
2025-12-30 11:06:28,512 INFO: Villager Queue Score: 0.5076 (Status: True)
2025-12-30 11:06:29,546 INFO: Villager Queue Score: 0.5074 (Status: True)
2025-12-30 11:06:30,579 INFO: Villager Queue Score: 0.5074 (Status: True)
2025-12-30 11:06:31,612 INFO: Villager Queue Score: 0.5073 (Status: True)
2025-12-30 11:06:32,645 INFO: Villager Queue Score: 0.5074 (Status: True)
2025-12-30 11:06:33,678 INFO: Villager Queue Score: 0.5074 (Status: True)
2025-12-30 11:06:34,712 INFO: Villager Queue Score: 0.5403 (Status: True)
2025-12-30 11:06:35,745 INFO: Villager Queue Score: 0.5074 (Status: True)
2025-12-30 11:06:36,779 INFO: Villager Queue Score: 0.5075 (Status: True)
2025-12-30 11:06:37,829 INFO: Villager Queue Score: 0.5074 (Status: True)
2025-12-30 11:06:38,862 INFO: Villager Queue Score: 0.5073 (Status: True)
2025-12-30 11:06:39,897 INFO: Villager Queue Score: 0.5099 (Status: True)
2025-12-30 11:06:40,929 INFO: Villager Queue Score: 0.5072 (Status: True)
2025-12-30 11:06:41,963 INFO: Villager Queue Score: 0.5257 (Status: True)
2025-12-30 11:06:42,995 INFO: Villager Queue Score: 0.5467 (Status: True)
2025-12-30 11:06:44,027 INFO: Villager Queue Score: 0.5075 (Status: True)
2025-12-30 11:06:45,062 INFO: Villager Queue Score: 0.5668 (Status: True)
2025-12-30 11:06:46,097 INFO: Villager Queue Score: 0.5716 (Status: True)
2025-12-30 11:06:47,146 INFO: Villager Queue Score: 0.5721 (Status: True)
2025-12-30 11:06:48,177 INFO: Villager Queue Score: 0.5076 (Status: True)
2025-12-30 11:06:49,213 INFO: Villager Queue Score: 0.5075 (Status: True)
2025-12-30 11:06:50,262 INFO: Villager Queue Score: 0.5074 (Status: True)
2025-12-30 11:06:51,295 INFO: Villager Queue Score: 0.5097 (Status: True)
2025-12-30 11:06:52,329 INFO: Villager Queue Score: 0.5114 (Status: True)
2025-12-30 11:06:53,361 INFO: Villager Queue Score: 0.5123 (Status: True)
2025-12-30 11:06:54,396 INFO: Villager Queue Score: 0.5105 (Status: True)
2025-12-30 11:06:55,428 INFO: Villager Queue Score: 0.5147 (Status: True)
2025-12-30 11:11:06,566 INFO: live_monitor_resources (OpenCV) start poll_sec=1.0 max_points=300
2025-12-30 11:11:06,649 INFO: Finding anchors...
2025-12-30 11:11:06,679 INFO: Found anchors: {'food': (16, 270), 'wood': (16, 314), 'gold': (16, 359), 'stone': (16, 404), 'silver': (15, 445)}
2025-12-30 11:11:06,685 INFO: Villager Queue Score: 0.5469 (Status: True)
2025-12-30 11:11:07,718 INFO: Villager Queue Score: 0.5554 (Status: True)
2025-12-30 11:11:08,750 INFO: Villager Queue Score: 0.4644 (Status: False)
2025-12-30 11:11:08,750 INFO: Starting alert sound: c:\Users\harri\Desktop\aoeMate\sounds\tone_11_soft_pulse.wav
2025-12-30 11:11:09,786 INFO: Villager Queue Score: 0.5557 (Status: True)
2025-12-30 11:11:09,786 INFO: Stopping alert sound
2025-12-30 11:11:10,885 INFO: Villager Queue Score: 0.5641 (Status: True)
2025-12-30 11:11:11,916 INFO: Villager Queue Score: 0.5431 (Status: True)
2025-12-30 11:11:12,950 INFO: Villager Queue Score: 0.5424 (Status: True)
2025-12-30 11:11:13,983 INFO: Villager Queue Score: 0.5415 (Status: True)
2025-12-30 11:11:15,018 INFO: Villager Queue Score: 0.5410 (Status: True)
2025-12-30 11:11:16,067 INFO: Villager Queue Score: 0.5403 (Status: True)
2025-12-30 11:11:17,100 INFO: Villager Queue Score: 0.5395 (Status: True)
2025-12-30 11:11:18,133 INFO: Villager Queue Score: 0.5386 (Status: True)
2025-12-30 11:11:19,167 INFO: Villager Queue Score: 0.5376 (Status: True)
2025-12-30 11:11:20,201 INFO: Villager Queue Score: 0.5368 (Status: True)
2025-12-30 11:11:21,233 INFO: Villager Queue Score: 0.5456 (Status: True)
2025-12-30 11:11:22,268 INFO: Villager Queue Score: 0.5350 (Status: True)
2025-12-30 11:11:23,301 INFO: Villager Queue Score: 0.5509 (Status: True)
2025-12-30 11:11:24,334 INFO: Villager Queue Score: 0.5066 (Status: True)
2025-12-30 11:11:25,367 INFO: Villager Queue Score: 0.5729 (Status: True)
2025-12-30 11:11:26,401 INFO: Game Paused (No resources detected)
2025-12-30 11:11:27,433 INFO: Game Resumed. Paused for 1.0s
2025-12-30 11:11:27,435 INFO: Villager Queue Score: 0.5671 (Status: True)
2025-12-30 11:11:28,467 INFO: Villager Queue Score: 0.5535 (Status: True)
2025-12-30 11:11:29,501 INFO: Villager Queue Score: 0.5560 (Status: True)
2025-12-30 11:11:30,535 INFO: Villager Queue Score: 0.5352 (Status: True)
2025-12-30 11:11:31,567 INFO: Villager Queue Score: 0.5408 (Status: True)
2025-12-30 11:11:32,601 INFO: Villager Queue Score: 0.5275 (Status: True)
2025-12-30 11:11:33,633 INFO: Villager Queue Score: 0.5446 (Status: True)
2025-12-30 11:11:34,667 INFO: Villager Queue Score: 0.5328 (Status: True)
2025-12-30 11:11:35,701 INFO: Villager Queue Score: 0.5400 (Status: True)
2025-12-30 11:11:36,733 INFO: Villager Queue Score: 0.5249 (Status: True)
2025-12-30 11:11:37,768 INFO: Villager Queue Score: 0.5445 (Status: True)
2025-12-30 11:11:38,801 INFO: Villager Queue Score: 0.5322 (Status: True)
2025-12-30 11:11:39,836 INFO: Villager Queue Score: 0.5333 (Status: True)
2025-12-30 11:11:40,716 INFO: Quit key pressed - exiting live monitor
2025-12-30 11:11:40,716 INFO: OpenCV live loop ended
2025-12-30 11:13:08,224 INFO: live_monitor_resources (OpenCV) start poll_sec=1.0 max_points=300
2025-12-30 11:13:08,301 INFO: Finding anchors...
2025-12-30 11:13:08,331 INFO: Found anchors: {'food': (16, 270), 'wood': (16, 314), 'gold': (16, 359), 'stone': (16, 404), 'silver': (15, 445)}
2025-12-30 11:13:08,337 INFO: Villager Queue Score: 0.5199 (Status: False)
2025-12-30 11:13:08,337 INFO: Starting alert sound: c:\Users\harri\Desktop\aoeMate\sounds\tone_11_soft_pulse.wav
2025-12-30 11:13:09,370 INFO: Villager Queue Score: 0.5198 (Status: False)
2025-12-30 11:13:10,402 INFO: Villager Queue Score: 0.5195 (Status: False)
2025-12-30 11:13:11,436 INFO: Villager Queue Score: 0.5195 (Status: False)
2025-12-30 11:13:12,469 INFO: Villager Queue Score: 0.5196 (Status: False)
2025-12-30 11:13:13,502 INFO: Villager Queue Score: 0.5193 (Status: False)
2025-12-30 11:13:14,536 INFO: Villager Queue Score: 0.5193 (Status: False)
2025-12-30 11:13:15,569 INFO: Villager Queue Score: 0.5191 (Status: False)
2025-12-30 11:13:16,619 INFO: Villager Queue Score: 0.5191 (Status: False)
2025-12-30 11:13:17,652 INFO: Villager Queue Score: 0.5191 (Status: False)
2025-12-30 11:13:18,685 INFO: Villager Queue Score: 0.5189 (Status: False)
2025-12-30 11:13:19,720 INFO: Villager Queue Score: 0.5185 (Status: False)
2025-12-30 11:13:20,753 INFO: Villager Queue Score: 0.5184 (Status: False)
2025-12-30 11:13:21,786 INFO: Villager Queue Score: 0.5182 (Status: False)
2025-12-30 11:13:22,820 INFO: Villager Queue Score: 0.5178 (Status: False)
2025-12-30 11:13:23,854 INFO: Game Paused (No resources detected)
2025-12-30 11:13:23,854 INFO: Stopping alert sound
2025-12-30 11:13:24,888 INFO: Quit key pressed - exiting live monitor
2025-12-30 11:13:24,888 INFO: OpenCV live loop ended
2025-12-30 11:21:52,482 INFO: live_monitor_resources (OpenCV) start poll_sec=1.0 max_points=300
2025-12-30 11:21:52,560 INFO: Finding anchors...
2025-12-30 11:21:52,593 INFO: Found anchors: {'food': (16, 270), 'wood': (16, 314), 'gold': (16, 359), 'stone': (16, 404), 'silver': (15, 445)}
2025-12-30 11:21:52,599 INFO: Villager Queue Score: 0.5187 (Status: False)
2025-12-30 11:21:52,599 INFO: Starting alert sound: c:\Users\harri\Desktop\aoeMate\sounds\tone_11_soft_pulse.wav
2025-12-30 11:21:53,629 INFO: Villager Queue Score: 0.5190 (Status: False)
2025-12-30 11:21:54,662 INFO: Villager Queue Score: 0.5187 (Status: False)
2025-12-30 11:21:55,096 INFO: Villager Queue Score: 0.5187 (Status: False)
2025-12-30 11:21:55,416 INFO: Quit key pressed - exiting live monitor
2025-12-30 11:21:55,416 INFO: OpenCV live loop ended
2025-12-30 11:21:55,416 INFO: Stopping alert sound
2025-12-30 11:22:06,275 INFO: live_monitor_resources (OpenCV) start poll_sec=1.0 max_points=300
2025-12-30 11:22:06,344 INFO: Finding anchors...
2025-12-30 11:22:06,379 INFO: Found anchors: {'food': (16, 270), 'wood': (16, 314), 'gold': (16, 359), 'stone': (16, 404), 'silver': (15, 445)}
2025-12-30 11:22:06,386 INFO: Villager Queue Score: 0.5079 (Status: False)
2025-12-30 11:22:06,386 INFO: Starting alert sound: c:\Users\harri\Desktop\aoeMate\sounds\tone_11_soft_pulse.wav
2025-12-30 11:22:06,496 INFO: Villager Queue Score: 0.5086 (Status: False)
2025-12-30 11:22:07,529 INFO: Villager Queue Score: 0.5082 (Status: False)
2025-12-30 11:22:08,561 INFO: Villager Queue Score: 0.5061 (Status: False)
2025-12-30 11:22:09,595 INFO: Villager Queue Score: 0.5117 (Status: False)
2025-12-30 11:22:10,627 INFO: Villager Queue Score: 0.4784 (Status: False)
2025-12-30 11:22:11,661 INFO: Villager Queue Score: 0.4784 (Status: False)
2025-12-30 11:22:12,695 INFO: Villager Queue Score: 0.4784 (Status: False)
2025-12-30 11:22:13,728 INFO: Villager Queue Score: 0.4784 (Status: False)
2025-12-30 11:22:14,762 INFO: Villager Queue Score: 0.4784 (Status: False)
2025-12-30 11:22:15,796 INFO: Villager Queue Score: 0.4784 (Status: False)
2025-12-30 11:22:16,829 INFO: Villager Queue Score: 0.4784 (Status: False)
2025-12-30 11:22:17,862 INFO: Villager Queue Score: 0.4784 (Status: False)
2025-12-30 11:22:18,894 INFO: Villager Queue Score: 0.4886 (Status: False)
2025-12-30 11:22:19,929 INFO: Villager Queue Score: 0.4888 (Status: False)
2025-12-30 11:22:20,962 INFO: Villager Queue Score: 0.5032 (Status: False)
2025-12-30 11:22:21,995 INFO: Villager Queue Score: 0.5411 (Status: False)
2025-12-30 11:22:23,029 INFO: Villager Queue Score: 0.5437 (Status: False)
2025-12-30 11:22:24,062 INFO: Villager Queue Score: 0.4863 (Status: False)
2025-12-30 11:22:25,095 INFO: Villager Queue Score: 0.4973 (Status: False)
2025-12-30 11:22:26,129 INFO: Villager Queue Score: 0.4935 (Status: False)
2025-12-30 11:22:27,162 INFO: Villager Queue Score: 0.4945 (Status: False)
2025-12-30 11:22:28,195 INFO: Villager Queue Score: 0.4950 (Status: False)
2025-12-30 11:22:29,229 INFO: Stopping alert sound
2025-12-30 11:22:45,862 INFO: Villager Queue Score: 0.4784 (Status: False)
2025-12-30 11:22:45,863 INFO: Starting alert sound: c:\Users\harri\Desktop\aoeMate\sounds\tone_11_soft_pulse.wav
2025-12-30 11:22:46,898 INFO: Villager Queue Score: 0.4784 (Status: False)
2025-12-30 11:22:47,929 INFO: Villager Queue Score: 0.4784 (Status: False)
2025-12-30 11:22:48,963 INFO: Stopping alert sound
2025-12-30 11:23:11,829 INFO: Villager Queue Score: 0.5655 (Status: False)
2025-12-30 11:23:11,829 INFO: Starting alert sound: c:\Users\harri\Desktop\aoeMate\sounds\tone_11_soft_pulse.wav
2025-12-30 11:23:12,880 INFO: Villager Queue Score: 0.5651 (Status: False)
2025-12-30 11:23:13,912 INFO: Villager Queue Score: 0.5673 (Status: False)
2025-12-30 11:23:14,946 INFO: Villager Queue Score: 0.5645 (Status: False)
2025-12-30 11:23:15,980 INFO: Villager Queue Score: 0.5619 (Status: False)
2025-12-30 11:23:17,015 INFO: Villager Queue Score: 0.5631 (Status: False)
2025-12-30 11:23:18,046 INFO: Villager Queue Score: 0.5675 (Status: False)
2025-12-30 11:23:19,081 INFO: Villager Queue Score: 0.4487 (Status: False)
2025-12-30 11:23:20,114 INFO: Game Paused (No resources detected)
2025-12-30 11:23:20,114 INFO: Stopping alert sound
2025-12-30 11:23:21,228 INFO: Game Resumed. Paused for 1.1s
2025-12-30 11:23:21,230 INFO: Villager Queue Score: 0.4538 (Status: False)
2025-12-30 11:23:21,230 INFO: Starting alert sound: c:\Users\harri\Desktop\aoeMate\sounds\tone_11_soft_pulse.wav
2025-12-30 11:23:22,264 INFO: Villager Queue Score: 0.4529 (Status: False)
2025-12-30 11:23:23,296 INFO: Villager Queue Score: 0.4892 (Status: False)
2025-12-30 11:23:24,329 INFO: Villager Queue Score: 0.4165 (Status: False)
2025-12-30 11:23:25,362 INFO: Villager Queue Score: 0.4165 (Status: False)
2025-12-30 11:23:26,396 INFO: Villager Queue Score: 0.4165 (Status: False)
2025-12-30 11:23:27,429 INFO: Villager Queue Score: 0.4165 (Status: False)
2025-12-30 11:23:28,462 INFO: Villager Queue Score: 0.4165 (Status: False)
2025-12-30 11:23:29,496 INFO: Villager Queue Score: 0.4165 (Status: False)
2025-12-30 11:23:30,529 INFO: Villager Queue Score: 0.4165 (Status: False)
2025-12-30 11:23:31,563 INFO: Villager Queue Score: 0.4165 (Status: False)
2025-12-30 11:23:32,596 INFO: Villager Queue Score: 0.4165 (Status: False)
2025-12-30 11:23:32,843 INFO: Quit key pressed - exiting live monitor
2025-12-30 11:23:32,843 INFO: OpenCV live loop ended
2025-12-30 11:23:32,843 INFO: Stopping alert sound
2025-12-30 11:26:32,884 INFO: live_monitor_resources (OpenCV) start poll_sec=1.0 max_points=300
2025-12-30 11:26:32,999 INFO: Finding anchors...
2025-12-30 11:26:33,029 INFO: Found anchors: {'food': (16, 270), 'wood': (16, 314), 'gold': (16, 359), 'stone': (16, 404), 'silver': (15, 445)}
2025-12-30 11:28:53,553 INFO: Villager Queue Score: 0.4680 (Status: False)
2025-12-30 11:28:53,553 INFO: Starting alert sound: C:\Users\harri\Desktop\aoeMate\sounds\tone_11_soft_pulse.wav
2025-12-30 11:28:54,586 INFO: Villager Queue Score: 0.4557 (Status: False)
2025-12-30 11:28:55,619 INFO: Villager Queue Score: 0.4689 (Status: False)
2025-12-30 11:28:56,669 INFO: Stopping alert sound
2025-12-30 11:29:55,836 INFO: Villager Queue Score: 0.4702 (Status: False)
2025-12-30 11:29:55,837 INFO: Starting alert sound: C:\Users\harri\Desktop\aoeMate\sounds\tone_11_soft_pulse.wav
2025-12-30 11:29:56,870 INFO: Villager Queue Score: 0.4483 (Status: False)
2025-12-30 11:29:57,920 INFO: Villager Queue Score: 0.4488 (Status: False)
2025-12-30 11:29:58,954 INFO: Stopping alert sound
2025-12-30 11:30:18,671 INFO: Villager Queue Score: 0.4393 (Status: False)
2025-12-30 11:30:18,672 INFO: Starting alert sound: C:\Users\harri\Desktop\aoeMate\sounds\tone_11_soft_pulse.wav
2025-12-30 11:30:19,720 INFO: Villager Queue Score: 0.4348 (Status: False)
2025-12-30 11:30:20,752 INFO: Villager Queue Score: 0.4397 (Status: False)
2025-12-30 11:30:21,788 INFO: Villager Queue Score: 0.4311 (Status: False)
2025-12-30 11:30:22,822 INFO: Villager Queue Score: 0.4365 (Status: False)
2025-12-30 11:30:23,870 INFO: Stopping alert sound
2025-12-30 11:31:24,188 INFO: Villager Queue Score: 0.4882 (Status: False)
2025-12-30 11:31:24,189 INFO: Starting alert sound: C:\Users\harri\Desktop\aoeMate\sounds\tone_11_soft_pulse.wav
2025-12-30 11:31:25,239 INFO: Villager Queue Score: 0.4750 (Status: False)
2025-12-30 11:31:26,271 INFO: Stopping alert sound
2025-12-30 11:33:06,124 INFO: Villager Queue Score: 0.4426 (Status: False)
2025-12-30 11:33:06,124 INFO: Starting alert sound: C:\Users\harri\Desktop\aoeMate\sounds\tone_11_soft_pulse.wav
2025-12-30 11:33:07,174 INFO: Villager Queue Score: 0.4469 (Status: False)
2025-12-30 11:33:08,209 INFO: Villager Queue Score: 0.4389 (Status: False)
2025-12-30 11:33:09,240 INFO: Villager Queue Score: 0.4364 (Status: False)
2025-12-30 11:33:10,289 INFO: Stopping alert sound
2025-12-30 11:34:30,377 INFO: Villager Queue Score: 0.4940 (Status: False)
2025-12-30 11:34:30,377 INFO: Starting alert sound: C:\Users\harri\Desktop\aoeMate\sounds\tone_11_soft_pulse.wav
2025-12-30 11:34:31,425 INFO: Villager Queue Score: 0.4923 (Status: False)
2025-12-30 11:34:32,459 INFO: Stopping alert sound
2025-12-30 11:36:12,376 INFO: Villager Queue Score: 0.4632 (Status: False)
2025-12-30 11:36:12,377 INFO: Starting alert sound: C:\Users\harri\Desktop\aoeMate\sounds\tone_11_soft_pulse.wav
2025-12-30 11:36:13,427 INFO: Villager Queue Score: 0.5167 (Status: False)
2025-12-30 11:36:14,461 INFO: Villager Queue Score: 0.4960 (Status: False)
2025-12-30 11:36:15,511 INFO: Stopping alert sound
2025-12-30 11:40:14,733 INFO: Villager Queue Score: 0.4541 (Status: False)
2025-12-30 11:40:14,733 INFO: Starting alert sound: C:\Users\harri\Desktop\aoeMate\sounds\tone_11_soft_pulse.wav
2025-12-30 11:40:15,783 INFO: Villager Queue Score: 0.4541 (Status: False)
2025-12-30 11:40:16,815 INFO: Villager Queue Score: 0.4540 (Status: False)
2025-12-30 11:40:17,849 INFO: Stopping alert sound
2025-12-30 11:41:54,817 INFO: Villager Queue Score: 0.5113 (Status: False)
2025-12-30 11:41:54,817 INFO: Starting alert sound: C:\Users\harri\Desktop\aoeMate\sounds\tone_11_soft_pulse.wav
2025-12-30 11:41:55,867 INFO: Stopping alert sound
2025-12-30 11:42:16,783 INFO: Villager Queue Score: 0.5333 (Status: False)
2025-12-30 11:42:16,784 INFO: Starting alert sound: C:\Users\harri\Desktop\aoeMate\sounds\tone_11_soft_pulse.wav
2025-12-30 11:42:17,834 INFO: Villager Queue Score: 0.5109 (Status: False)
2025-12-30 11:42:18,867 INFO: Villager Queue Score: 0.5356 (Status: False)
2025-12-30 11:42:19,901 INFO: Villager Queue Score: 0.4861 (Status: False)
2025-12-30 11:42:20,934 INFO: Villager Queue Score: 0.5293 (Status: False)
2025-12-30 11:42:21,983 INFO: Villager Queue Score: 0.5377 (Status: False)
2025-12-30 11:42:23,017 INFO: Villager Queue Score: 0.5547 (Status: False)
2025-12-30 11:42:24,051 INFO: Villager Queue Score: 0.5714 (Status: False)
2025-12-30 11:42:25,083 INFO: Villager Queue Score: 0.5867 (Status: False)
2025-12-30 11:42:34,469 INFO: Villager Queue Score: 0.5787 (Status: False)
2025-12-30 11:42:35,501 INFO: Villager Queue Score: 0.5634 (Status: False)
2025-12-30 11:42:36,551 INFO: Villager Queue Score: 0.5368 (Status: False)
2025-12-30 11:42:37,584 INFO: Villager Queue Score: 0.5183 (Status: False)
2025-12-30 11:42:38,617 INFO: Villager Queue Score: 0.5008 (Status: False)
2025-12-30 11:42:39,668 INFO: Villager Queue Score: 0.5034 (Status: False)
2025-12-30 11:42:40,701 INFO: Villager Queue Score: 0.5263 (Status: False)
2025-12-30 11:42:41,735 INFO: Villager Queue Score: 0.5511 (Status: False)
2025-12-30 11:42:42,784 INFO: Villager Queue Score: 0.5595 (Status: False)
2025-12-30 11:42:43,818 INFO: Villager Queue Score: 0.5815 (Status: False)
2025-12-30 11:42:44,869 INFO: Stopping alert sound
2025-12-30 11:47:04,673 INFO: Villager Queue Score: 0.4829 (Status: False)
2025-12-30 11:47:04,673 INFO: Starting alert sound: C:\Users\harri\Desktop\aoeMate\sounds\tone_11_soft_pulse.wav
2025-12-30 11:47:05,724 INFO: Villager Queue Score: 0.4740 (Status: False)
2025-12-30 11:47:06,757 INFO: Stopping alert sound
2025-12-30 11:48:46,608 INFO: Villager Queue Score: 0.4932 (Status: False)
2025-12-30 11:48:46,608 INFO: Starting alert sound: C:\Users\harri\Desktop\aoeMate\sounds\tone_11_soft_pulse.wav
2025-12-30 11:48:47,657 INFO: Villager Queue Score: 0.5159 (Status: False)
2025-12-30 11:48:48,690 INFO: Villager Queue Score: 0.5230 (Status: False)
2025-12-30 11:48:49,741 INFO: Stopping alert sound
2025-12-30 11:51:00,744 INFO: Villager Queue Score: 0.4859 (Status: False)
2025-12-30 11:51:00,744 INFO: Starting alert sound: C:\Users\harri\Desktop\aoeMate\sounds\tone_11_soft_pulse.wav
2025-12-30 11:51:01,776 INFO: Stopping alert sound
2025-12-30 11:53:08,679 INFO: Villager Queue Score: 0.4632 (Status: False)
2025-12-30 11:53:08,679 INFO: Starting alert sound: C:\Users\harri\Desktop\aoeMate\sounds\tone_11_soft_pulse.wav
2025-12-30 11:53:09,714 INFO: Villager Queue Score: 0.4583 (Status: False)
2025-12-30 11:53:10,761 INFO: Villager Queue Score: 0.4622 (Status: False)
2025-12-30 11:53:11,795 INFO: Stopping alert sound
2025-12-30 11:53:29,578 INFO: Villager Queue Score: 0.4828 (Status: False)
2025-12-30 11:53:29,579 INFO: Starting alert sound: C:\Users\harri\Desktop\aoeMate\sounds\tone_11_soft_pulse.wav
2025-12-30 11:53:30,629 INFO: Villager Queue Score: 0.4960 (Status: False)
2025-12-30 11:53:31,661 INFO: Villager Queue Score: 0.4133 (Status: False)
2025-12-30 11:53:32,695 INFO: Villager Queue Score: 0.4203 (Status: False)
2025-12-30 11:53:33,729 INFO: Villager Queue Score: 0.4515 (Status: False)
2025-12-30 11:53:34,763 INFO: Villager Queue Score: 0.4675 (Status: False)
2025-12-30 11:53:35,813 INFO: Villager Queue Score: 0.4115 (Status: False)
2025-12-30 11:53:36,864 INFO: Villager Queue Score: 0.4547 (Status: False)
2025-12-30 11:53:37,912 INFO: Villager Queue Score: 0.4292 (Status: False)
2025-12-30 11:53:38,945 INFO: Villager Queue Score: 0.4174 (Status: False)
2025-12-30 11:53:39,997 INFO: Game Paused (No resources detected)
2025-12-30 11:53:39,997 INFO: Stopping alert sound
2025-12-30 11:53:41,111 INFO: Game Resumed. Paused for 1.1s
2025-12-30 11:53:41,113 INFO: Villager Queue Score: 0.4381 (Status: False)
2025-12-30 11:53:41,113 INFO: Starting alert sound: C:\Users\harri\Desktop\aoeMate\sounds\tone_11_soft_pulse.wav
2025-12-30 11:53:41,580 INFO: Villager Queue Score: 0.4346 (Status: False)
2025-12-30 11:53:42,614 INFO: Villager Queue Score: 0.4307 (Status: False)
2025-12-30 11:53:43,663 INFO: Villager Queue Score: 0.4276 (Status: False)
2025-12-30 11:53:44,712 INFO: Villager Queue Score: 0.4330 (Status: False)
2025-12-30 11:53:45,748 INFO: Villager Queue Score: 0.4664 (Status: False)
2025-12-30 11:53:46,797 INFO: Villager Queue Score: 0.4399 (Status: False)
2025-12-30 11:53:47,213 INFO: Villager Queue Score: 0.4470 (Status: False)
2025-12-30 11:53:48,246 INFO: Stopping alert sound
2025-12-30 11:57:37,759 INFO: live_monitor_resources (OpenCV) start poll_sec=1.0 max_points=300
2025-12-30 11:57:37,849 INFO: Finding anchors...
2025-12-30 11:57:37,881 INFO: Found anchors: {'food': (16, 270), 'wood': (16, 314), 'gold': (16, 359), 'stone': (16, 404), 'silver': (15, 445)}
2025-12-30 12:02:35,347 INFO: live_monitor_resources (OpenCV) start poll_sec=1.0 max_points=300
2025-12-30 12:02:35,421 INFO: Finding anchors...
2025-12-30 12:02:35,451 INFO: Found anchors: {'food': (16, 270), 'wood': (16, 314), 'gold': (16, 359), 'stone': (16, 404)}
2025-12-30 12:04:06,361 INFO: live_monitor_resources (OpenCV) start poll_sec=1.0 max_points=300
2025-12-30 12:04:06,443 INFO: Finding anchors...
2025-12-30 12:04:06,475 INFO: Found anchors: {'food': (16, 270), 'wood': (16, 314), 'gold': (16, 359), 'stone': (16, 404)}
2025-12-30 12:06:58,686 INFO: live_monitor_resources (OpenCV) start poll_sec=1.0 max_points=300
2025-12-30 12:06:58,760 INFO: Finding anchors...
2025-12-30 12:06:58,794 INFO: Found anchors: {'food': (16, 270), 'wood': (16, 314), 'gold': (16, 359), 'stone': (16, 404)}
2025-12-30 12:08:10,784 INFO: Quit key pressed - exiting live monitor
2025-12-30 12:08:10,784 INFO: OpenCV live loop ended
2025-12-30 12:10:04,282 INFO: live_monitor_resources (OpenCV) start poll_sec=1.0 max_points=300
2025-12-30 12:10:04,379 INFO: Finding anchors...
2025-12-30 12:10:04,409 INFO: Found anchors: {'food': (16, 270), 'wood': (16, 314), 'gold': (16, 359), 'stone': (16, 404)}
2025-12-30 12:10:04,415 INFO: Villager Queue Score: 0.4418 (Status: False)
2025-12-30 12:10:04,415 INFO: Starting alert sound: C:\Users\harri\Desktop\aoeMate\sounds\tone_11_soft_pulse.wav
2025-12-30 12:10:05,463 INFO: Villager Queue Score: 0.4727 (Status: False)
2025-12-30 12:10:06,495 INFO: Villager Queue Score: 0.4560 (Status: False)
2025-12-30 12:10:07,530 INFO: Villager Queue Score: 0.4504 (Status: False)
2025-12-30 12:10:08,563 INFO: Villager Queue Score: 0.4432 (Status: False)
2025-12-30 12:10:09,581 INFO: Stopping alert sound
2025-12-30 12:12:29,099 INFO: Villager Queue Score: 0.4635 (Status: False)
2025-12-30 12:12:29,100 INFO: Starting alert sound: C:\Users\harri\Desktop\aoeMate\sounds\tone_11_soft_pulse.wav
2025-12-30 12:12:30,132 INFO: Villager Queue Score: 0.4677 (Status: False)
2025-12-30 12:12:31,166 INFO: Villager Queue Score: 0.4702 (Status: False)
2025-12-30 12:12:32,215 INFO: Stopping alert sound
2025-12-30 12:12:51,949 INFO: Villager Queue Score: 0.4729 (Status: False)
2025-12-30 12:12:51,949 INFO: Starting alert sound: C:\Users\harri\Desktop\aoeMate\sounds\tone_11_soft_pulse.wav
2025-12-30 12:12:52,983 INFO: Villager Queue Score: 0.5628 (Status: False)
2025-12-30 12:12:54,016 INFO: Stopping alert sound
2025-12-30 12:15:34,520 INFO: Villager Queue Score: 0.4707 (Status: False)
2025-12-30 12:15:34,520 INFO: Starting alert sound: C:\Users\harri\Desktop\aoeMate\sounds\tone_11_soft_pulse.wav
2025-12-30 12:15:35,552 INFO: Villager Queue Score: 0.4763 (Status: False)
2025-12-30 12:15:36,585 INFO: Villager Queue Score: 0.4805 (Status: False)
2025-12-30 12:15:37,620 INFO: Stopping alert sound
2025-12-30 12:16:36,722 INFO: Villager Queue Score: 0.5139 (Status: False)
2025-12-30 12:16:36,722 INFO: Starting alert sound: C:\Users\harri\Desktop\aoeMate\sounds\tone_11_soft_pulse.wav
2025-12-30 12:16:37,752 INFO: Villager Queue Score: 0.4753 (Status: False)
2025-12-30 12:16:38,786 INFO: Stopping alert sound
2025-12-30 12:17:58,670 INFO: Villager Queue Score: 0.4535 (Status: False)
2025-12-30 12:17:58,672 INFO: Starting alert sound: C:\Users\harri\Desktop\aoeMate\sounds\tone_11_soft_pulse.wav
2025-12-30 12:17:59,705 INFO: Villager Queue Score: 0.4547 (Status: False)
2025-12-30 12:18:00,738 INFO: Villager Queue Score: 0.4713 (Status: False)
2025-12-30 12:18:01,772 INFO: Stopping alert sound
2025-12-30 12:18:21,556 INFO: Villager Queue Score: 0.5371 (Status: False)
2025-12-30 12:18:21,556 INFO: Starting alert sound: C:\Users\harri\Desktop\aoeMate\sounds\tone_11_soft_pulse.wav
2025-12-30 12:18:22,608 INFO: Villager Queue Score: 0.5402 (Status: False)
2025-12-30 12:18:23,638 INFO: Villager Queue Score: 0.5345 (Status: False)
2025-12-30 12:18:24,671 INFO: Villager Queue Score: 0.5384 (Status: False)
2025-12-30 12:18:25,705 INFO: Villager Queue Score: 0.5407 (Status: False)
2025-12-30 12:18:26,739 INFO: Villager Queue Score: 0.5005 (Status: False)
2025-12-30 12:18:27,772 INFO: Villager Queue Score: 0.5158 (Status: False)
2025-12-30 12:18:28,805 INFO: Villager Queue Score: 0.5107 (Status: False)
2025-12-30 12:18:29,840 INFO: Villager Queue Score: 0.5136 (Status: False)
2025-12-30 12:18:30,872 INFO: Villager Queue Score: 0.5155 (Status: False)
2025-12-30 12:18:31,905 INFO: Stopping alert sound
2025-12-30 12:18:51,630 INFO: Villager Queue Score: 0.4311 (Status: False)
2025-12-30 12:18:51,631 INFO: Starting alert sound: C:\Users\harri\Desktop\aoeMate\sounds\tone_11_soft_pulse.wav
2025-12-30 12:18:52,682 INFO: Villager Queue Score: 0.5160 (Status: False)
2025-12-30 12:18:53,717 INFO: Stopping alert sound
2025-12-30 12:22:03,326 INFO: Villager Queue Score: 0.4576 (Status: False)
2025-12-30 12:22:03,327 INFO: Starting alert sound: C:\Users\harri\Desktop\aoeMate\sounds\tone_11_soft_pulse.wav
2025-12-30 12:22:04,363 INFO: Villager Queue Score: 0.4472 (Status: False)
2025-12-30 12:22:05,395 INFO: Villager Queue Score: 0.4497 (Status: False)
2025-12-30 12:22:06,429 INFO: Stopping alert sound
2025-12-30 12:22:26,263 INFO: Villager Queue Score: 0.4486 (Status: False)
2025-12-30 12:22:26,263 INFO: Starting alert sound: C:\Users\harri\Desktop\aoeMate\sounds\tone_11_soft_pulse.wav
2025-12-30 12:22:27,297 INFO: Villager Queue Score: 0.4399 (Status: False)
2025-12-30 12:22:28,332 INFO: Villager Queue Score: 0.4396 (Status: False)
2025-12-30 12:22:29,364 INFO: Villager Queue Score: 0.5134 (Status: False)
2025-12-30 12:22:30,400 INFO: Villager Queue Score: 0.5279 (Status: False)
2025-12-30 12:22:31,451 INFO: Stopping alert sound
2025-12-30 12:25:31,770 INFO: Starting alert sound: C:\Users\harri\Desktop\aoeMate\sounds\tone_11_soft_pulse.wav
2025-12-30 12:25:39,027 INFO: Villager Queue Score: 0.5978 (Status: False)
2025-12-30 12:25:40,062 INFO: Villager Queue Score: 0.5747 (Status: False)
2025-12-30 12:25:41,095 INFO: Villager Queue Score: 0.5510 (Status: False)
2025-12-30 12:25:42,129 INFO: Villager Queue Score: 0.5135 (Status: False)
2025-12-30 12:25:43,163 INFO: Villager Queue Score: 0.5369 (Status: False)
2025-12-30 12:25:44,198 INFO: Villager Queue Score: 0.5377 (Status: False)
2025-12-30 12:25:45,233 INFO: Villager Queue Score: 0.5398 (Status: False)
2025-12-30 12:25:46,266 INFO: Villager Queue Score: 0.5656 (Status: False)
2025-12-30 12:25:47,302 INFO: Villager Queue Score: 0.5880 (Status: False)
2025-12-30 12:25:50,419 INFO: Stopping alert sound
2025-12-30 12:27:10,270 INFO: Villager Queue Score: 0.4761 (Status: False)
2025-12-30 12:27:10,270 INFO: Starting alert sound: C:\Users\harri\Desktop\aoeMate\sounds\tone_11_soft_pulse.wav
2025-12-30 12:27:11,322 INFO: Villager Queue Score: 0.4761 (Status: False)
2025-12-30 12:27:12,357 INFO: Villager Queue Score: 0.4761 (Status: False)
2025-12-30 12:27:13,390 INFO: Villager Queue Score: 0.4734 (Status: False)
2025-12-30 12:27:14,425 INFO: Villager Queue Score: 0.4576 (Status: False)
2025-12-30 12:27:15,459 INFO: Villager Queue Score: 0.5115 (Status: False)
2025-12-30 12:27:16,494 INFO: Villager Queue Score: 0.5139 (Status: False)
2025-12-30 12:27:17,527 INFO: Stopping alert sound
2025-12-30 12:27:35,209 INFO: Villager Queue Score: 0.5216 (Status: False)
2025-12-30 12:27:35,209 INFO: Starting alert sound: C:\Users\harri\Desktop\aoeMate\sounds\tone_11_soft_pulse.wav
2025-12-30 12:27:36,260 INFO: Stopping alert sound
2025-12-30 12:28:10,472 INFO: Villager Queue Score: 0.5150 (Status: False)
2025-12-30 12:28:10,474 INFO: Starting alert sound: C:\Users\harri\Desktop\aoeMate\sounds\tone_11_soft_pulse.wav
2025-12-30 12:28:11,523 INFO: Villager Queue Score: 0.5263 (Status: False)
2025-12-30 12:28:12,557 INFO: Villager Queue Score: 0.4537 (Status: False)
2025-12-30 12:28:13,591 INFO: Villager Queue Score: 0.4382 (Status: False)
2025-12-30 12:28:14,625 INFO: Villager Queue Score: 0.4534 (Status: False)
2025-12-30 12:28:15,660 INFO: Villager Queue Score: 0.4438 (Status: False)
2025-12-30 12:28:16,695 INFO: Villager Queue Score: 0.5209 (Status: False)
2025-12-30 12:28:17,730 INFO: Stopping alert sound
2025-12-30 12:29:37,513 INFO: Villager Queue Score: 0.4344 (Status: False)
2025-12-30 12:29:37,513 INFO: Starting alert sound: C:\Users\harri\Desktop\aoeMate\sounds\tone_11_soft_pulse.wav
2025-12-30 12:29:38,564 INFO: Villager Queue Score: 0.4375 (Status: False)
2025-12-30 12:29:39,599 INFO: Villager Queue Score: 0.4371 (Status: False)
2025-12-30 12:29:40,633 INFO: Villager Queue Score: 0.4336 (Status: False)
2025-12-30 12:29:41,666 INFO: Villager Queue Score: 0.4372 (Status: False)
2025-12-30 12:29:42,700 INFO: Villager Queue Score: 0.4372 (Status: False)
2025-12-30 12:29:43,735 INFO: Stopping alert sound
2025-12-30 12:31:44,004 INFO: Villager Queue Score: 0.4751 (Status: False)
2025-12-30 12:31:44,004 INFO: Starting alert sound: C:\Users\harri\Desktop\aoeMate\sounds\tone_11_soft_pulse.wav
2025-12-30 12:31:45,054 INFO: Villager Queue Score: 0.4662 (Status: False)
2025-12-30 12:31:46,088 INFO: Villager Queue Score: 0.5088 (Status: False)
2025-12-30 12:31:47,143 INFO: Villager Queue Score: 0.4747 (Status: False)
2025-12-30 12:31:48,174 INFO: Stopping alert sound
2025-12-30 12:32:27,624 INFO: Villager Queue Score: 0.4434 (Status: False)
2025-12-30 12:32:27,624 INFO: Starting alert sound: C:\Users\harri\Desktop\aoeMate\sounds\tone_11_soft_pulse.wav
2025-12-30 12:32:28,658 INFO: Villager Queue Score: 0.4392 (Status: False)
2025-12-30 12:32:29,708 INFO: Villager Queue Score: 0.4476 (Status: False)
2025-12-30 12:32:30,744 INFO: Villager Queue Score: 0.4337 (Status: False)
2025-12-30 12:32:31,777 INFO: Villager Queue Score: 0.4360 (Status: False)
2025-12-30 12:32:32,811 INFO: Villager Queue Score: 0.4984 (Status: False)
2025-12-30 12:32:33,864 INFO: Villager Queue Score: 0.4616 (Status: False)
2025-12-30 12:32:34,896 INFO: Villager Queue Score: 0.4752 (Status: False)
2025-12-30 12:32:35,932 INFO: Villager Queue Score: 0.4866 (Status: False)
2025-12-30 12:32:36,966 INFO: Stopping alert sound
2025-12-30 12:32:56,748 INFO: Villager Queue Score: 0.4939 (Status: False)
2025-12-30 12:32:56,748 INFO: Starting alert sound: C:\Users\harri\Desktop\aoeMate\sounds\tone_11_soft_pulse.wav
2025-12-30 12:32:57,784 INFO: Villager Queue Score: 0.4243 (Status: False)
2025-12-30 12:32:58,819 INFO: Villager Queue Score: 0.4941 (Status: False)
2025-12-30 12:32:59,853 INFO: Stopping alert sound
2025-12-30 12:33:19,603 INFO: Villager Queue Score: 0.5774 (Status: False)
2025-12-30 12:33:19,603 INFO: Starting alert sound: C:\Users\harri\Desktop\aoeMate\sounds\tone_11_soft_pulse.wav
2025-12-30 12:33:20,652 INFO: Villager Queue Score: 0.4525 (Status: False)
2025-12-30 12:33:21,686 INFO: Villager Queue Score: 0.4524 (Status: False)
2025-12-30 12:33:22,721 INFO: Villager Queue Score: 0.5074 (Status: False)
2025-12-30 12:33:23,755 INFO: Villager Queue Score: 0.5471 (Status: False)
2025-12-30 12:33:24,789 INFO: Villager Queue Score: 0.4778 (Status: False)
2025-12-30 12:33:25,823 INFO: Villager Queue Score: 0.5101 (Status: False)
2025-12-30 12:33:26,859 INFO: Villager Queue Score: 0.5143 (Status: False)
2025-12-30 12:33:27,891 INFO: Villager Queue Score: 0.5140 (Status: False)
2025-12-30 12:33:28,925 INFO: Villager Queue Score: 0.4568 (Status: False)
2025-12-30 12:33:29,960 INFO: Villager Queue Score: 0.4562 (Status: False)
2025-12-30 12:33:30,995 INFO: Villager Queue Score: 0.4564 (Status: False)
2025-12-30 12:33:32,029 INFO: Villager Queue Score: 0.4679 (Status: False)
2025-12-30 12:33:33,063 INFO: Villager Queue Score: 0.4960 (Status: False)
2025-12-30 12:33:34,096 INFO: Villager Queue Score: 0.4285 (Status: False)
2025-12-30 12:33:35,132 INFO: Villager Queue Score: 0.4310 (Status: False)
2025-12-30 12:33:36,166 INFO: Villager Queue Score: 0.4267 (Status: False)
2025-12-30 12:33:37,201 INFO: Villager Queue Score: 0.4661 (Status: False)
2025-12-30 12:33:38,234 INFO: Villager Queue Score: 0.4283 (Status: False)
2025-12-30 12:33:39,270 INFO: Villager Queue Score: 0.4294 (Status: False)
2025-12-30 12:33:40,320 INFO: Villager Queue Score: 0.4304 (Status: False)
2025-12-30 12:33:41,355 INFO: Villager Queue Score: 0.4306 (Status: False)
2025-12-30 12:33:42,388 INFO: Villager Queue Score: 0.4710 (Status: False)
2025-12-30 12:33:43,438 INFO: Villager Queue Score: 0.4698 (Status: False)
2025-12-30 12:33:44,474 INFO: Villager Queue Score: 0.4703 (Status: False)
2025-12-30 12:33:45,507 INFO: Villager Queue Score: 0.4704 (Status: False)
2025-12-30 12:33:46,540 INFO: Villager Queue Score: 0.4703 (Status: False)
2025-12-30 12:33:47,574 INFO: Villager Queue Score: 0.4702 (Status: False)
2025-12-30 12:33:48,611 INFO: Villager Queue Score: 0.4703 (Status: False)
2025-12-30 12:33:49,644 INFO: Villager Queue Score: 0.4709 (Status: False)
2025-12-30 12:33:50,678 INFO: Villager Queue Score: 0.4701 (Status: False)
2025-12-30 12:33:51,712 INFO: Villager Queue Score: 0.4694 (Status: False)
2025-12-30 12:33:52,764 INFO: Villager Queue Score: 0.4700 (Status: False)
2025-12-30 12:33:53,797 INFO: Villager Queue Score: 0.4515 (Status: False)
2025-12-30 12:33:54,831 INFO: Villager Queue Score: 0.4366 (Status: False)
2025-12-30 12:33:55,868 INFO: Villager Queue Score: 0.4371 (Status: False)
2025-12-30 12:33:56,900 INFO: Villager Queue Score: 0.4381 (Status: False)
2025-12-30 12:33:57,935 INFO: Villager Queue Score: 0.4376 (Status: False)
2025-12-30 12:33:58,969 INFO: Villager Queue Score: 0.4382 (Status: False)
2025-12-30 12:34:00,002 INFO: Villager Queue Score: 0.4395 (Status: False)
2025-12-30 12:34:01,037 INFO: Villager Queue Score: 0.4400 (Status: False)
2025-12-30 12:34:02,072 INFO: Villager Queue Score: 0.4392 (Status: False)
2025-12-30 12:34:03,105 INFO: Villager Queue Score: 0.4395 (Status: False)
2025-12-30 12:34:04,140 INFO: Villager Queue Score: 0.4670 (Status: False)
2025-12-30 12:34:05,173 INFO: Villager Queue Score: 0.5064 (Status: False)
2025-12-30 12:34:06,208 INFO: Villager Queue Score: 0.4838 (Status: False)
2025-12-30 12:34:07,243 INFO: Villager Queue Score: 0.5145 (Status: False)
2025-12-30 12:34:08,276 INFO: Villager Queue Score: 0.5382 (Status: False)
2025-12-30 12:34:09,310 INFO: Villager Queue Score: 0.5389 (Status: False)
2025-12-30 12:34:10,362 INFO: Villager Queue Score: 0.5390 (Status: False)
2025-12-30 12:34:11,411 INFO: Villager Queue Score: 0.5382 (Status: False)
2025-12-30 12:34:12,447 INFO: Stopping alert sound
2025-12-30 12:34:33,280 INFO: Starting alert sound: C:\Users\harri\Desktop\aoeMate\sounds\tone_11_soft_pulse.wav
2025-12-30 12:34:34,314 INFO: Stopping alert sound
2025-12-30 12:34:35,416 INFO: Villager Queue Score: 0.4476 (Status: False)
2025-12-30 12:34:35,416 INFO: Starting alert sound: C:\Users\harri\Desktop\aoeMate\sounds\tone_11_soft_pulse.wav
2025-12-30 12:34:36,450 INFO: Villager Queue Score: 0.4590 (Status: False)
2025-12-30 12:34:37,502 INFO: Villager Queue Score: 0.4543 (Status: False)
2025-12-30 12:34:38,536 INFO: Villager Queue Score: 0.4507 (Status: False)
2025-12-30 12:34:39,571 INFO: Villager Queue Score: 0.4507 (Status: False)
2025-12-30 12:34:39,786 INFO: Villager Queue Score: 0.4563 (Status: False)
2025-12-30 12:34:40,304 INFO: Villager Queue Score: 0.4492 (Status: False)
2025-12-30 12:34:40,487 INFO: Villager Queue Score: 0.4565 (Status: False)
2025-12-30 12:34:40,637 INFO: Villager Queue Score: 0.4512 (Status: False)
2025-12-30 12:34:40,787 INFO: Villager Queue Score: 0.4509 (Status: False)
2025-12-30 12:34:40,954 INFO: Villager Queue Score: 0.4531 (Status: False)
2025-12-30 12:34:41,087 INFO: Villager Queue Score: 0.4550 (Status: False)
2025-12-30 12:34:41,237 INFO: Villager Queue Score: 0.4628 (Status: False)
2025-12-30 12:34:41,370 INFO: Villager Queue Score: 0.4546 (Status: False)
2025-12-30 12:34:41,505 INFO: Villager Queue Score: 0.4559 (Status: False)
2025-12-30 12:34:41,637 INFO: Villager Queue Score: 0.4530 (Status: False)
2025-12-30 12:34:41,771 INFO: Villager Queue Score: 0.4531 (Status: False)
2025-12-30 12:34:41,919 INFO: Game Paused (No resources detected)
2025-12-30 12:34:41,920 INFO: Stopping alert sound
2025-12-30 12:34:42,316 INFO: Quit key pressed - exiting live monitor
2025-12-30 12:34:42,316 INFO: OpenCV live loop ended
2025-12-30 12:36:48,904 INFO: live_monitor_resources (OpenCV) start poll_sec=1.0 max_points=300
2025-12-30 12:36:48,995 INFO: Finding anchors...
2025-12-30 12:36:49,025 INFO: Found anchors: {'food': (16, 270), 'wood': (16, 314), 'gold': (16, 359), 'stone': (16, 404), 'silver': (15, 445)}
2025-12-30 12:38:06,545 INFO: Villager Queue Score: 0.4523 (Status: False)
2025-12-30 12:38:06,545 INFO: Starting alert sound: C:\Users\harri\Desktop\aoeMate\sounds\tone_11_soft_pulse.wav
2025-12-30 12:38:07,579 INFO: Villager Queue Score: 0.4262 (Status: False)
2025-12-30 12:38:08,614 INFO: Stopping alert sound
2025-12-30 12:38:28,364 INFO: Villager Queue Score: 0.4994 (Status: False)
2025-12-30 12:38:28,366 INFO: Starting alert sound: C:\Users\harri\Desktop\aoeMate\sounds\tone_11_soft_pulse.wav
2025-12-30 12:38:29,399 INFO: Villager Queue Score: 0.5085 (Status: False)
2025-12-30 12:38:30,432 INFO: Stopping alert sound
2025-12-30 12:39:09,799 INFO: Villager Queue Score: 0.4853 (Status: False)
2025-12-30 12:39:09,799 INFO: Starting alert sound: C:\Users\harri\Desktop\aoeMate\sounds\tone_11_soft_pulse.wav
2025-12-30 12:39:10,832 INFO: Stopping alert sound
2025-12-30 12:39:31,617 INFO: Villager Queue Score: 0.4924 (Status: False)
2025-12-30 12:39:31,617 INFO: Starting alert sound: C:\Users\harri\Desktop\aoeMate\sounds\tone_11_soft_pulse.wav
2025-12-30 12:39:32,652 INFO: Villager Queue Score: 0.4964 (Status: False)
2025-12-30 12:39:33,685 INFO: Villager Queue Score: 0.4936 (Status: False)
2025-12-30 12:39:34,738 INFO: Villager Queue Score: 0.4926 (Status: False)
2025-12-30 12:39:35,771 INFO: Stopping alert sound
2025-12-30 12:39:55,504 INFO: Villager Queue Score: 0.5358 (Status: False)
2025-12-30 12:39:55,505 INFO: Starting alert sound: C:\Users\harri\Desktop\aoeMate\sounds\tone_11_soft_pulse.wav
2025-12-30 12:39:56,539 INFO: Villager Queue Score: 0.5151 (Status: False)
2025-12-30 12:39:57,574 INFO: Stopping alert sound
2025-12-30 12:40:17,341 INFO: Villager Queue Score: 0.4918 (Status: False)
2025-12-30 12:40:17,341 INFO: Starting alert sound: C:\Users\harri\Desktop\aoeMate\sounds\tone_11_soft_pulse.wav
2025-12-30 12:40:18,391 INFO: Villager Queue Score: 0.5033 (Status: False)
2025-12-30 12:40:19,427 INFO: Stopping alert sound
2025-12-30 12:41:39,294 INFO: Starting alert sound: C:\Users\harri\Desktop\aoeMate\sounds\tone_11_soft_pulse.wav
2025-12-30 12:41:40,328 INFO: Stopping alert sound
2025-12-30 12:43:19,996 INFO: Villager Queue Score: 0.4815 (Status: False)
2025-12-30 12:43:19,996 INFO: Starting alert sound: C:\Users\harri\Desktop\aoeMate\sounds\tone_11_soft_pulse.wav
2025-12-30 12:43:21,046 INFO: Villager Queue Score: 0.4959 (Status: False)
2025-12-30 12:43:22,098 INFO: Stopping alert sound
2025-12-30 12:43:41,913 INFO: Villager Queue Score: 0.4402 (Status: False)
2025-12-30 12:43:41,913 INFO: Starting alert sound: C:\Users\harri\Desktop\aoeMate\sounds\tone_11_soft_pulse.wav
2025-12-30 12:43:42,964 INFO: Villager Queue Score: 0.4902 (Status: False)
2025-12-30 12:43:43,998 INFO: Villager Queue Score: 0.4906 (Status: False)
2025-12-30 12:43:45,033 INFO: Villager Queue Score: 0.4296 (Status: False)
2025-12-30 12:43:46,067 INFO: Villager Queue Score: 0.4582 (Status: False)
2025-12-30 12:43:47,120 INFO: Villager Queue Score: 0.4677 (Status: False)
2025-12-30 12:43:48,168 INFO: Stopping alert sound
2025-12-30 12:46:14,459 INFO: Villager Queue Score: 0.4249 (Status: False)
2025-12-30 12:46:14,460 INFO: Starting alert sound: C:\Users\harri\Desktop\aoeMate\sounds\tone_11_soft_pulse.wav
2025-12-30 12:46:15,494 INFO: Villager Queue Score: 0.4462 (Status: False)
2025-12-30 12:46:16,528 INFO: Villager Queue Score: 0.4490 (Status: False)
2025-12-30 12:46:17,580 INFO: Stopping alert sound
2025-12-30 12:47:37,564 INFO: Villager Queue Score: 0.5218 (Status: False)
2025-12-30 12:47:37,565 INFO: Starting alert sound: C:\Users\harri\Desktop\aoeMate\sounds\tone_11_soft_pulse.wav
2025-12-30 12:47:38,597 INFO: Villager Queue Score: 0.5271 (Status: False)
2025-12-30 12:47:39,633 INFO: Stopping alert sound
2025-12-30 12:48:00,467 INFO: Villager Queue Score: 0.5929 (Status: False)
2025-12-30 12:48:00,467 INFO: Starting alert sound: C:\Users\harri\Desktop\aoeMate\sounds\tone_11_soft_pulse.wav
2025-12-30 12:48:01,501 INFO: Villager Queue Score: 0.5726 (Status: False)
2025-12-30 12:48:02,537 INFO: Stopping alert sound
2025-12-30 12:49:45,272 INFO: Villager Queue Score: 0.5405 (Status: False)
2025-12-30 12:49:45,272 INFO: Starting alert sound: C:\Users\harri\Desktop\aoeMate\sounds\tone_11_soft_pulse.wav
2025-12-30 12:49:46,324 INFO: Villager Queue Score: 0.5440 (Status: False)
2025-12-30 12:49:47,357 INFO: Stopping alert sound
2025-12-30 12:50:07,140 INFO: Villager Queue Score: 0.5673 (Status: False)
2025-12-30 12:50:07,141 INFO: Starting alert sound: C:\Users\harri\Desktop\aoeMate\sounds\tone_11_soft_pulse.wav
2025-12-30 12:50:08,191 INFO: Villager Queue Score: 0.5921 (Status: False)
2025-12-30 12:50:20,620 INFO: Villager Queue Score: 0.5999 (Status: False)
2025-12-30 12:50:21,654 INFO: Stopping alert sound
2025-12-30 12:53:22,140 INFO: Villager Queue Score: 0.4843 (Status: False)
2025-12-30 12:53:22,140 INFO: Starting alert sound: C:\Users\harri\Desktop\aoeMate\sounds\tone_11_soft_pulse.wav
2025-12-30 12:53:23,174 INFO: Villager Queue Score: 0.5464 (Status: False)
2025-12-30 12:53:24,209 INFO: Stopping alert sound
2025-12-30 12:55:05,011 INFO: Villager Queue Score: 0.4517 (Status: False)
2025-12-30 12:55:05,011 INFO: Starting alert sound: C:\Users\harri\Desktop\aoeMate\sounds\tone_11_soft_pulse.wav
2025-12-30 12:55:06,045 INFO: Villager Queue Score: 0.5041 (Status: False)
2025-12-30 12:55:07,078 INFO: Villager Queue Score: 0.5138 (Status: False)
2025-12-30 12:55:08,113 INFO: Stopping alert sound
2025-12-30 12:57:07,547 INFO: Villager Queue Score: 0.4323 (Status: False)
2025-12-30 12:57:07,547 INFO: Starting alert sound: C:\Users\harri\Desktop\aoeMate\sounds\tone_11_soft_pulse.wav
2025-12-30 12:57:08,581 INFO: Villager Queue Score: 0.4280 (Status: False)
2025-12-30 12:57:09,616 INFO: Villager Queue Score: 0.4903 (Status: False)
2025-12-30 12:57:10,650 INFO: Stopping alert sound
2025-12-30 12:57:30,483 INFO: Villager Queue Score: 0.4939 (Status: False)
2025-12-30 12:57:30,484 INFO: Starting alert sound: C:\Users\harri\Desktop\aoeMate\sounds\tone_11_soft_pulse.wav
2025-12-30 12:57:31,534 INFO: Villager Queue Score: 0.4963 (Status: False)
2025-12-30 12:57:32,568 INFO: Villager Queue Score: 0.5119 (Status: False)
2025-12-30 12:57:33,621 INFO: Stopping alert sound
2025-12-30 12:59:13,304 INFO: Villager Queue Score: 0.5133 (Status: False)
2025-12-30 12:59:13,304 INFO: Starting alert sound: C:\Users\harri\Desktop\aoeMate\sounds\tone_11_soft_pulse.wav
2025-12-30 12:59:14,355 INFO: Villager Queue Score: 0.5132 (Status: False)
2025-12-30 12:59:15,389 INFO: Villager Queue Score: 0.4987 (Status: False)
2025-12-30 12:59:16,424 INFO: Stopping alert sound
2025-12-30 13:03:35,794 INFO: Villager Queue Score: 0.5103 (Status: False)
2025-12-30 13:03:35,794 INFO: Starting alert sound: C:\Users\harri\Desktop\aoeMate\sounds\tone_11_soft_pulse.wav
2025-12-30 13:03:36,827 INFO: Villager Queue Score: 0.5028 (Status: False)
2025-12-30 13:03:37,862 INFO: Stopping alert sound
2025-12-30 13:05:57,981 INFO: Villager Queue Score: 0.4794 (Status: False)
2025-12-30 13:05:57,982 INFO: Starting alert sound: C:\Users\harri\Desktop\aoeMate\sounds\tone_11_soft_pulse.wav
2025-12-30 13:05:59,032 INFO: Villager Queue Score: 0.4892 (Status: False)
2025-12-30 13:06:00,067 INFO: Villager Queue Score: 0.5062 (Status: False)
2025-12-30 13:06:01,101 INFO: Villager Queue Score: 0.4683 (Status: False)
2025-12-30 13:06:02,137 INFO: Villager Queue Score: 0.4980 (Status: False)
2025-12-30 13:06:03,170 INFO: Villager Queue Score: 0.4902 (Status: False)
2025-12-30 13:06:04,205 INFO: Villager Queue Score: 0.4744 (Status: False)
2025-12-30 13:06:05,238 INFO: Villager Queue Score: 0.4381 (Status: False)
2025-12-30 13:06:06,272 INFO: Villager Queue Score: 0.4732 (Status: False)
2025-12-30 13:06:07,306 INFO: Villager Queue Score: 0.4482 (Status: False)
2025-12-30 13:06:08,341 INFO: Villager Queue Score: 0.4928 (Status: False)
2025-12-30 13:06:09,392 INFO: Villager Queue Score: 0.5019 (Status: False)
2025-12-30 13:06:10,425 INFO: Villager Queue Score: 0.5041 (Status: False)
2025-12-30 13:06:11,476 INFO: Villager Queue Score: 0.4736 (Status: False)
2025-12-30 13:06:12,511 INFO: Villager Queue Score: 0.5010 (Status: False)
2025-12-30 13:06:13,561 INFO: Villager Queue Score: 0.4600 (Status: False)
2025-12-30 13:06:14,595 INFO: Villager Queue Score: 0.5159 (Status: False)
2025-12-30 13:06:15,646 INFO: Villager Queue Score: 0.5172 (Status: False)
2025-12-30 13:06:16,680 INFO: Villager Queue Score: 0.4768 (Status: False)
2025-12-30 13:06:17,716 INFO: Villager Queue Score: 0.5066 (Status: False)
2025-12-30 13:06:18,748 INFO: Villager Queue Score: 0.4537 (Status: False)
2025-12-30 13:06:19,783 INFO: Villager Queue Score: 0.4517 (Status: False)
2025-12-30 13:06:20,818 INFO: Villager Queue Score: 0.4532 (Status: False)
2025-12-30 13:06:21,853 INFO: Villager Queue Score: 0.4547 (Status: False)
2025-12-30 13:06:22,902 INFO: Villager Queue Score: 0.5028 (Status: False)
2025-12-30 13:06:23,937 INFO: Villager Queue Score: 0.4748 (Status: False)
2025-12-30 13:06:24,988 INFO: Villager Queue Score: 0.5076 (Status: False)
2025-12-30 13:06:26,022 INFO: Villager Queue Score: 0.5045 (Status: False)
2025-12-30 13:06:27,057 INFO: Villager Queue Score: 0.5054 (Status: False)
2025-12-30 13:06:28,091 INFO: Villager Queue Score: 0.5155 (Status: False)
2025-12-30 13:06:29,125 INFO: Villager Queue Score: 0.4750 (Status: False)
2025-12-30 13:06:30,175 INFO: Villager Queue Score: 0.4981 (Status: False)
2025-12-30 13:06:31,210 INFO: Villager Queue Score: 0.4883 (Status: False)
2025-12-30 13:06:32,244 INFO: Villager Queue Score: 0.4857 (Status: False)
2025-12-30 13:06:33,295 INFO: Villager Queue Score: 0.4929 (Status: False)
2025-12-30 13:06:34,327 INFO: Villager Queue Score: 0.4375 (Status: False)
2025-12-30 13:06:35,381 INFO: Villager Queue Score: 0.4375 (Status: False)
2025-12-30 13:06:36,413 INFO: Villager Queue Score: 0.4365 (Status: False)
2025-12-30 13:06:37,447 INFO: Villager Queue Score: 0.4475 (Status: False)
2025-12-30 13:06:38,482 INFO: Villager Queue Score: 0.4418 (Status: False)
2025-12-30 13:06:39,534 INFO: Villager Queue Score: 0.4591 (Status: False)
2025-12-30 13:06:40,569 INFO: Villager Queue Score: 0.4481 (Status: False)
2025-12-30 13:06:41,604 INFO: Villager Queue Score: 0.4756 (Status: False)
2025-12-30 13:06:42,637 INFO: Villager Queue Score: 0.4255 (Status: False)
2025-12-30 13:06:43,687 INFO: Villager Queue Score: 0.4193 (Status: False)
2025-12-30 13:06:44,723 INFO: Villager Queue Score: 0.4256 (Status: False)
2025-12-30 13:06:45,773 INFO: Villager Queue Score: 0.4174 (Status: False)
2025-12-30 13:06:46,807 INFO: Villager Queue Score: 0.4369 (Status: False)
2025-12-30 13:06:47,857 INFO: Villager Queue Score: 0.4245 (Status: False)
2025-12-30 13:06:48,891 INFO: Villager Queue Score: 0.4091 (Status: False)
2025-12-30 13:06:49,925 INFO: Villager Queue Score: 0.4546 (Status: False)
2025-12-30 13:06:50,959 INFO: Villager Queue Score: 0.4382 (Status: False)
2025-12-30 13:06:51,995 INFO: Villager Queue Score: 0.4258 (Status: False)
2025-12-30 13:06:53,027 INFO: Villager Queue Score: 0.4243 (Status: False)
2025-12-30 13:06:54,081 INFO: Villager Queue Score: 0.4261 (Status: False)
2025-12-30 13:06:55,112 INFO: Villager Queue Score: 0.4214 (Status: False)
2025-12-30 13:06:56,147 INFO: Villager Queue Score: 0.4469 (Status: False)
2025-12-30 13:06:57,198 INFO: Villager Queue Score: 0.4308 (Status: False)
2025-12-30 13:06:58,232 INFO: Villager Queue Score: 0.4308 (Status: False)
2025-12-30 13:06:59,266 INFO: Villager Queue Score: 0.4308 (Status: False)
2025-12-30 13:07:00,301 INFO: Villager Queue Score: 0.4679 (Status: False)
2025-12-30 13:07:01,335 INFO: Villager Queue Score: 0.5091 (Status: False)
2025-12-30 13:07:02,370 INFO: Villager Queue Score: 0.4892 (Status: False)
2025-12-30 13:07:03,404 INFO: Villager Queue Score: 0.4811 (Status: False)
2025-12-30 13:07:04,438 INFO: Villager Queue Score: 0.4692 (Status: False)
2025-12-30 13:07:05,472 INFO: Stopping alert sound
2025-12-30 13:11:45,762 INFO: Villager Queue Score: 0.4829 (Status: False)
2025-12-30 13:11:45,763 INFO: Starting alert sound: C:\Users\harri\Desktop\aoeMate\sounds\tone_11_soft_pulse.wav
2025-12-30 13:11:46,812 INFO: Villager Queue Score: 0.4669 (Status: False)
2025-12-30 13:11:47,846 INFO: Villager Queue Score: 0.4558 (Status: False)
2025-12-30 13:11:48,898 INFO: Stopping alert sound
2025-12-30 13:16:29,168 INFO: Villager Queue Score: 0.4615 (Status: False)
2025-12-30 13:16:29,168 INFO: Starting alert sound: C:\Users\harri\Desktop\aoeMate\sounds\tone_11_soft_pulse.wav
2025-12-30 13:16:30,218 INFO: Villager Queue Score: 0.4616 (Status: False)
2025-12-30 13:16:31,270 INFO: Villager Queue Score: 0.4605 (Status: False)
2025-12-30 13:16:32,303 INFO: Stopping alert sound
2025-12-30 13:17:52,288 INFO: Villager Queue Score: 0.4395 (Status: False)
2025-12-30 13:17:52,288 INFO: Starting alert sound: C:\Users\harri\Desktop\aoeMate\sounds\tone_11_soft_pulse.wav
2025-12-30 13:17:53,338 INFO: Villager Queue Score: 0.4752 (Status: False)
2025-12-30 13:17:54,376 INFO: Villager Queue Score: 0.4747 (Status: False)
2025-12-30 13:17:55,407 INFO: Stopping alert sound
2025-12-30 13:18:55,608 INFO: Villager Queue Score: 0.5064 (Status: False)
2025-12-30 13:18:55,609 INFO: Starting alert sound: C:\Users\harri\Desktop\aoeMate\sounds\tone_11_soft_pulse.wav
2025-12-30 13:18:56,660 INFO: Villager Queue Score: 0.5066 (Status: False)
2025-12-30 13:18:57,694 INFO: Villager Queue Score: 0.5353 (Status: False)
2025-12-30 13:18:58,728 INFO: Villager Queue Score: 0.5061 (Status: False)
2025-12-30 13:18:59,762 INFO: Game Paused (No resources detected)
2025-12-30 13:18:59,762 INFO: Stopping alert sound
2025-12-30 13:19:13,338 INFO: Game Resumed. Paused for 13.6s
2025-12-30 13:19:13,341 INFO: Villager Queue Score: 0.5101 (Status: False)
2025-12-30 13:19:13,341 INFO: Starting alert sound: C:\Users\harri\Desktop\aoeMate\sounds\tone_11_soft_pulse.wav
2025-12-30 13:19:14,375 INFO: Villager Queue Score: 0.5099 (Status: False)
2025-12-30 13:19:15,409 INFO: Villager Queue Score: 0.5098 (Status: False)
2025-12-30 13:19:16,443 INFO: Villager Queue Score: 0.4963 (Status: False)
2025-12-30 13:19:17,477 INFO: Villager Queue Score: 0.5473 (Status: False)
2025-12-30 13:19:18,511 INFO: Game Paused (No resources detected)
2025-12-30 13:19:18,512 INFO: Stopping alert sound
2025-12-30 13:19:18,827 INFO: Game Resumed. Paused for 0.3s
2025-12-30 13:19:18,829 INFO: Villager Queue Score: 0.5664 (Status: False)
2025-12-30 13:19:18,829 INFO: Starting alert sound: C:\Users\harri\Desktop\aoeMate\sounds\tone_11_soft_pulse.wav
2025-12-30 13:19:19,513 INFO: Quit key pressed - exiting live monitor
2025-12-30 13:19:19,513 INFO: OpenCV live loop ended
2025-12-30 13:19:19,513 INFO: Stopping alert sound
